-0.0736585,3.709827
-0.248483,2.708994
-0.05235033,0.3176411
0.2463663,1.002863
0.1939609,1.722761
-0.1794528,2.414695
0.05020995,3.019153
0.1291579,2.800205
0.795264,1.531788
-0.2711845,1.834259
-0.556086,2.208643
0.5802911,1.93268
0.3456227,2.010662
-0.248224,2.443123
-0.531432,2.444119
0.3147846,0.7080201
-0.1803869,1.872693
-0.1257613,3.41486
-0.5090718,1.88021
-0.2382984,1.881404
0.07605795,2.319799
0.6694851,1.050804
-0.6892099,2.937754
0.02484225,1.935463
-0.4600788,2.097086
-0.1061658,1.088177
-0.2190391,1.230896
0.02343401,1.561291
-0.6203817,2.758795
0.6694227,1.159118
0.5020305,2.472878
-0.0731792,1.472495
-0.2862628,1.728594
-0.259243,1.057134
0.7176965,1.734021
0.6398611,1.645003
-0.5018657,2.39212
0.8620312,1.101566
0.02856072,3.289514
0.3661156,1.626468
-0.2932065,1.079628
-0.5048958,1.560475
0.3100403,3.051193
0.2099534,3.009911
0.09523963,2.888685
0.6350072,1.675527
0.3833007,2.445003
0.3313281,2.453224
0.5448269,1.366521
-0.2562086,3.164177
-0.3056411,2.828105
0.7386827,1.292373
-0.2770227,1.075159
0.7173966,1.150137
-0.4070962,2.717242
0.06215681,1.13702
-0.2759959,2.319439
-0.1387643,1.580626
-0.234832,2.453466
-0.2510988,2.199606
-0.06022969,1.480802
0.01919207,1.011912
0.08730708,0.5361926
0.01405154,1.345653
-0.1862947,2.917482
-0.5699255,2.641973
-0.1778081,2.898429
-0.1904764,0.9841432
0.3163606,2.029735
-0.3107297,1.502568
-0.1767047,2.831561
-0.9134491,2.760688
-0.01143529,2.384006
0.2991266,1.446577
0.2739895,1.382328
0.5171207,1.328076
0.18135,2.573663
-0.1257998,2.797417
-0.01895804,2.813104
0.3532609,1.00183
0.1119578,1.639012
-0.08679065,2.77517
0.1530429,2.945355
0.2194483,0.2502997
0.1711848,0.6236916
0.1385395,3.166128
-0.1789281,1.729118
-0.4675024,2.659733
-0.02613193,0.6957917
-0.09949004,2.404261
-0.3685698,1.588769
-0.4263969,2.68185
-0.2508415,2.367558
-0.8195426,3.037244
-0.4676193,2.301304
0.0363461,3.545393
-0.6987855,2.715705
-0.2635789,3.42015
-0.2305419,2.522884
-0.2050425,1.117281
-0.5782799,2.891266
-0.2812272,3.43261
-0.1859089,1.283513
-0.2250333,2.597912
-0.2144436,1.012533
0.1458458,1.251036
0.3040858,1.257006
-0.4694289,2.614553
0.2678879,2.04181
-0.111895,0.7039378
-0.4383817,2.723308
0.8381193,1.382501
0.07853894,0.8717146
-0.4741516,2.646866
-0.04699359,2.819228
-0.6466093,3.312209
-0.08228326,0.7487149
-0.2888527,2.363929
-0.07825035,3.841938
-0.1830023,3.769124
-0.7456066,2.256253
-0.3145739,2.529519
0.05311851,2.857664
-0.1845967,2.197762
-0.5844492,2.807451
0.07912156,1.420159
0.3663681,2.473315
0.2764506,2.270095
-0.3842468,3.035913
-0.4356632,2.770783
-0.1157452,3.733464
0.3811373,0.779734
0.1399866,3.006429
0.7855639,0.8470477
-0.5039712,2.53501
-0.1799491,1.81719
0.1544643,3.278169
0.3085341,2.36465
-0.6631798,2.052602
0.1760048,2.71164
0.4941274,2.487865
-0.4822938,2.664249
0.5991941,2.142756
-0.2849848,2.84394
-0.1664856,1.015647
-0.0515023,2.81174
-0.2219331,3.270277
0.08682994,2.563003
-0.4606594,2.532531
0.05601886,1.394576
-0.07129626,2.705405
-0.2209466,2.873015
-0.1408709,0.4389441
-0.6647064,2.336384
0.4732114,1.951318
-0.2954096,3.602515
-0.1747191,2.620141
0.1555295,2.244239
0.1162471,1.262794
-0.0370129,3.459018
-0.7181595,3.057342
0.4108078,1.293385
0.4369722,1.415451
-0.09681991,3.190808
-0.2439728,2.516227
-0.3449072,2.353964
-0.4098165,1.830164
0.5981259,1.674078
0.03904542,2.597724
-0.1175207,3.15841
-0.3340737,1.059045
-0.0353005,1.278587
-0.2732591,2.1365
-0.9827717,2.980037
-0.177036,3.081992
-0.1061086,2.343452
0.1889809,3.358356
-0.01684705,2.4385
-0.1331806,1.672932
0.450245,1.180847
0.1067516,2.605564
0.5906007,1.268158
-0.9612234,3.014948
0.3294979,1.473467
0.1204648,3.181826
0.1062573,1.827846
-0.3415196,3.285924
0.02704985,3.02139
0.6851744,0.7785373
0.4935045,2.490546
-0.003638501,2.807273
-0.5530511,2.759536
0.02267714,3.120506
0.08117193,0.7220981
0.7703219,0.7769238
0.3939419,1.319943
0.2159084,1.44981
-0.6158012,2.647928
0.7661204,1.16928
-0.6258025,2.869952
0.5619918,2.109774
-0.538781,3.328908
0.6888177,1.075215
0.1908892,1.802815
0.02831872,0.9039273
-0.1528905,2.304764
0.404443,2.2447
-0.02953885,2.321372
-0.4207662,1.896504
-0.3998655,3.488223
0.3660098,1.478621
0.7026895,1.277672
0.508732,1.468055
-0.4709957,3.31826
-0.8290717,3.013487
-0.5291109,2.987578
0.2712244,1.036259
-0.3699046,3.345344
0.8747421,1.069518
0.5170778,0.9969798
-0.4288248,1.33701
-0.4750714,3.247409
0.6660408,1.252056
-0.6751999,2.098466
-0.4851024,1.7209
0.5281028,0.5323316
0.1864095,2.502909
-0.7475355,3.071676
-0.1328012,3.416003
-0.09783328,2.694501
0.2641473,1.102004
-0.5263431,2.08069
0.3623141,0.395461
-0.4321835,2.825091
-0.06286586,0.410242
-0.03356772,0.4117271
-0.04237489,3.827038
0.3156072,1.696543
0.328266,2.349458
0.4680792,2.200537
0.2375923,0.9660822
-0.4439059,2.267807
-0.1778206,3.364447
-0.2357144,3.002973
0.3035368,0.420373
-0.07867678,3.461388
0.5292065,0.8233088
-0.02956621,1.926091
0.1264602,1.891549
-0.09197432,3.424115
-0.5321625,2.59482
0.228195,2.947745
-0.4512838,1.541265
0.2121443,0.4175165
0.2162354,2.60438
-0.4681152,1.482886
-0.4229498,3.497476
-0.1475939,2.712097
0.129292,3.497321
-0.21396,1.209158
-0.1003278,0.5411768
0.0399233,2.769576
0.3421452,1.551261
0.05910323,2.764358
-0.2716516,1.346772
-0.1648928,1.053929
-0.5959939,1.986945
-0.5158593,2.798647
-0.6195079,2.86238
-0.1020436,0.7804608
-0.1465005,3.210463
-0.1111298,2.511352
-0.295679,1.407012
0.4349236,0.686296
-0.2500308,1.137983
-0.1517956,3.602505
-0.4091637,1.834549
0.008472852,2.462624
0.004401632,0.8692142
-0.09343783,2.454095
0.0792384,3.491006
-0.5259037,2.800004
0.8107418,1.41879
0.4900559,1.087931
-0.5022369,2.359219
0.2432039,2.75865
-0.8948987,3.005503
0.2315202,1.342939
-0.3317232,1.079656
0.4003616,2.4641
0.6551694,1.542833
-0.871661,2.925132
0.3483354,1.767622
0.6021249,1.569135
0.3600672,1.920441
-0.129345,1.709323
0.3771467,0.6679036
0.3889446,2.245238
-0.4371752,3.179926
0.1011245,0.1590336
0.8398919,1.199187
0.03817437,3.774007
0.1866439,2.610676
-0.3573933,3.259803
0.2274553,2.320131
-0.5968272,2.721612
0.8393159,0.9226856
-0.04478574,1.203062
-0.6685515,2.437957
0.1397674,3.462945
0.2804528,1.997745
0.2886479,0.9021922
-0.09519627,3.040808
0.03011302,3.144901
0.2594247,2.855567
-0.1610304,1.871361
0.2459199,2.677992
-0.5799915,3.354855
-0.190039,3.461135
0.3537327,0.3773496
0.3080014,1.619467
-0.5816335,3.019525
0.02463579,3.624919
0.2594441,0.9487304
-0.443779,3.067072
-0.2820898,3.304959
-0.7255955,2.44829
0.09699426,1.398969
0.2360544,3.037365
-0.255807,3.321264
0.4805872,1.058524
0.247365,2.929073
-0.1010055,1.827613
-0.09797328,3.360867
0.544953,2.359176
-0.3472831,2.021332
0.7914982,1.114222
-0.07585137,2.490522
-0.7090115,2.387475
0.2483583,2.175957
0.1536949,3.522018
-0.1267946,2.150329
-0.2304876,3.188675
-0.3215843,1.570316
-0.902583,2.768698
0.5356856,1.935139
-0.1346763,0.7077097
0.691162,1.509662
0.04908226,0.7025713
-0.5267661,2.604077
-0.2545387,1.398991
0.5180107,1.078943
-0.3363603,2.601533
0.8584088,1.262091
-0.5233812,2.953275
-0.2205832,2.6381
0.7378082,1.756216
0.06631085,2.878909
-0.2322611,1.621355
-0.01877743,1.430898
-0.4630432,2.343369
0.2907879,1.722036
-0.2940502,2.216339
0.7111735,1.133776
-0.5273709,1.871493
0.5104786,0.8839286
0.249827,0.2642951
0.08668952,1.181757
0.4427146,2.140666
-0.1763357,0.9141926
-0.182503,1.265535
-0.02900116,2.705156
-0.4402694,2.766952
-0.2203097,2.135848
-0.4165842,3.180259
-0.4531625,2.927748
0.4230725,1.094096
0.3638591,0.4496182
-0.2452055,1.051865
-0.1097835,0.9546582
-0.07202487,1.365046
-0.542585,2.823293
-0.525817,2.910271
-0.7912465,2.401283
-0.2868481,2.857731
-0.4288662,2.617532
0.2813669,0.2825746
-0.1603283,1.040123
0.4017997,1.26705
-0.4882899,1.808353
0.6232515,1.479604
0.5278593,0.8033187
0.5034747,1.035274
-0.3435755,1.224679
-0.02335117,3.411838
0.8534943,0.9667757
-0.4048713,2.370014
0.05306319,1.313471
-0.04692368,2.344172
0.146205,0.9331886
0.01082462,3.062887
0.1112075,1.934557
-0.07430597,1.440072
-0.04038221,1.520439
-0.2565798,1.134999
-0.5921092,1.991048
0.4403421,0.6695219
-0.06474884,3.030451
-0.00488086,2.781057
-0.5379313,2.762943
0.769885,1.611034
-0.1759543,2.682734
-0.8213588,2.857304
-0.4035976,2.5801
0.06365583,0.4754537
0.1253551,2.241171
-0.2659942,3.633084
-0.04038207,3.335046
0.2520049,2.393796
0.6267629,0.7687903
0.8052646,1.202305
0.8890721,0.915308
-0.1850163,3.211426
0.5671886,1.261082
-0.1257022,1.274771
-0.1082609,0.5132098
0.5935304,1.092424
-0.2018356,2.418849
0.07313663,1.689471
0.07526653,3.09098
-0.1773031,2.398069
-0.4271511,1.325645
-0.6586443,2.570758
-0.06396564,0.366018
-0.2384884,2.284599
-0.6819492,2.688552
-0.06101159,1.533584
0.2157296,0.9403102
-0.2965738,1.766765
-0.3661883,2.696165
0.1456619,0.5679912
-0.6026442,3.278619
0.5759354,1.511743
-0.1513356,2.050284
0.5328996,1.64792
0.5858378,1.220486
-0.1111817,2.071696
-0.4966924,2.308731
-0.06080329,0.4219503
-0.03798782,1.660912
0.1759739,1.056077
-0.5914495,2.948002
-0.06245206,0.25826
0.5230694,1.786202
0.01834424,1.236765
0.1510985,1.664714
-0.02128412,1.616716
0.3242008,2.329866
0.05528361,0.8450309
0.008625106,2.44116
-0.1498736,3.841226
0.06683939,1.719551
-0.2655537,1.690006
0.1173696,1.807349
-0.5743154,3.198552
-0.4261978,2.005135
-0.7113539,2.150496
-0.3422451,3.375839
0.2584769,2.360163
0.8959191,0.9278935
0.2824959,1.688759
0.2144149,0.8053452
0.2373294,2.632415
0.1550993,2.11591
-0.3689941,1.650089
-0.1787698,1.606843
-0.2104368,1.655775
0.2641731,2.676292
0.04329766,0.7147208
0.05099031,1.131352
-0.4770518,3.180132
0.6542885,1.123659
-0.1641528,2.293406
-0.3878145,1.417178
-0.5318615,2.397413
-0.3849742,3.227976
0.03647098,1.878609
0.5981505,2.177911
-0.5312468,2.814468
0.1948332,1.378665
0.4151614,0.8054985
0.3314324,0.5278762
0.5947699,2.060508
0.7315618,1.413952
-0.05371327,1.684633
-0.6469247,2.429749
-0.7064597,2.182754
-0.2836612,1.961613
0.2874619,0.5759208
-0.8049058,3.025847
0.5538895,2.272838
-0.1327471,3.392162
0.8085645,1.055998
-0.5966607,2.276706
-0.2510157,2.761517
-0.4823487,2.636616
-0.3455146,3.036069
-0.04190304,0.3927052
0.3341052,0.6241977
0.06302525,1.463818
0.04406974,1.775262
0.0996985,0.6548236
0.09510154,0.9168582
-0.602461,2.098395
-0.362181,1.108133
-0.7022829,2.599741
0.6743475,0.8977538
-0.3527251,1.177499
0.1315477,0.4788665
0.2189934,2.874499
0.2894633,1.628324
0.6624025,1.909415
0.03912073,2.110982
-0.5793774,2.34265
-0.1961133,3.557093
-0.2901959,2.557845
0.2560294,0.3587222
0.6244326,1.241759
-0.1323452,3.629584
0.05009561,2.554612
0.06436581,2.530549
-0.13373,3.69746
0.3080422,1.777524
0.9005863,1.154327
-0.625234,2.321979
-0.02532752,0.6769118
-0.5736498,1.722747
-0.2112305,0.8413065
0.2730916,2.71845
-0.6625411,2.354858
-0.09509063,2.542471
-0.313941,1.969399
0.3320909,1.694467
-0.2620386,1.148766
0.4021606,2.151731
0.3288248,1.115058
0.1599002,0.9562531
0.5487043,2.144731
-0.5610498,2.37558
0.1852687,2.705156
-0.01685224,1.097321
0.04167968,3.378027
0.8456987,1.157966
0.02202871,2.805014
-0.4910275,2.985399
0.01883681,0.7098504
-0.4636794,1.909274
0.280735,2.689961
-0.1187326,1.335874
-0.1440617,2.858191
-0.3043369,2.888524
0.7390058,0.7908258
0.1465905,1.651811
0.4101001,1.914492
0.05344919,3.691009
-0.05893778,1.288609
-0.01214375,3.718617
0.06074455,0.1306283
-0.2125852,1.286238
0.0344339,3.050229
-0.06417659,3.046872
-0.3288881,2.914071
0.5584259,1.653331
-0.04579181,2.725207
-0.307891,2.624018
-0.6934395,2.333703
-0.2738061,2.608159
0.3417164,2.038998
0.3845251,1.160716
0.2556264,0.4687238
0.2782853,1.342936
-0.1342335,1.602217
0.03128431,2.652651
0.6064355,1.086297
0.7165567,1.013012
0.3208187,2.377025
0.4018975,1.465086
0.3273681,1.788026
0.2039756,1.879301
-0.3569627,2.873512
0.3040055,1.947754
-0.2394067,1.939962
0.4171973,0.6848398
0.5620009,1.888309
0.3163443,1.549018
-0.7710212,2.409379
0.274672,1.193025
-0.5382289,3.010589
-0.3491884,1.734541
-0.361938,2.357494
0.09587033,2.604719
-0.3708546,2.836771
0.1163912,3.336846
-0.7810748,3.040688
-0.1593827,2.085498
0.7359424,1.326193
-0.3314474,2.288682
0.5559272,0.9498097
0.3135438,1.015766
0.5352184,1.256079
0.6067636,1.681947
0.1093036,0.3544746
-0.7736514,3.050339
-0.5638408,2.406352
0.9087956,1.200594
-0.5506552,1.787195
0.5582632,1.919895
-0.02064731,2.976938
-0.6414587,1.982119
-0.05370277,2.54577
0.6510938,1.997394
-0.03403892,3.951709
-0.1898526,1.280668
0.5163394,0.718912
-0.3878296,2.234082
0.269097,1.262027
-0.1333242,3.475561
0.04314041,3.373123
-0.07011872,2.492418
-0.1932229,1.564692
-0.06232961,2.892097
-0.7881246,2.893685
0.4744915,2.470928
0.4164512,0.9987049
0.9715032,1.042361
0.06978044,1.784389
-0.6094285,2.09997
0.5129346,1.035394
-0.8592041,3.080134
-0.9285708,2.915114
-0.006669552,3.715734
0.1650973,2.504911
-0.1245206,2.175997
0.3434073,0.7574499
-0.5056583,2.580639
-0.6916053,2.719178
-0.40241,1.498718
-0.2033953,1.764327
-0.2307714,2.157636
0.148193,2.686656
-0.5092921,1.738822
-0.2242982,2.7225
0.7325009,1.174168
0.1384458,0.7014807
-0.8376498,2.667451
0.2959016,1.430237
-0.1249272,1.015384
-0.03201327,1.550053
0.01009407,0.180897
-0.4544656,1.91981
-0.1473467,2.096924
0.2930792,1.019224
-0.01274092,0.9164087
-0.6313746,1.926479
0.2039676,1.533177
-0.4552292,1.67264
-0.2277578,2.012357
-0.7007472,2.279656
-0.3643627,2.357775
0.1811935,2.215004
-0.0317148,0.2061925
0.4584133,1.259923
-0.4687711,2.690164
-0.2934982,1.868399
0.2838062,1.47205
-0.4895721,3.272878
-0.2568481,1.048481
0.001845816,2.812165
0.7511386,1.005785
-0.01462657,1.454322
0.4224259,1.34318
0.7037892,0.9832203
-0.1589976,3.25588
0.2968574,2.21725
-0.7393094,3.172703
0.4995153,1.79835
0.4532262,2.236853
-0.1701331,3.647461
0.6673815,0.6944762
0.2846064,0.3926328
-0.5730015,2.205293
-0.5661124,2.31017
0.101434,1.433986
0.3172816,2.704738
0.07674959,3.454409
-0.6062044,2.57931
0.02784167,3.529072
0.1903611,1.325606
0.2161555,0.9526745
0.1753599,2.705641
-0.2364408,1.840125
0.8007652,0.8631192
-0.04839494,0.7264392
0.1078363,2.030312
-0.50466,1.995419
-0.2623957,2.189413
-0.1117936,3.70106
0.4245044,1.808077
-0.4402903,3.537568
-0.1787286,1.518385
-0.4897653,2.62584
-0.1028037,2.310969
0.6416413,1.284598
-0.7169314,3.126204
0.1533399,1.272391
-0.02124809,1.312305
-0.4860646,2.148465
0.05193434,1.128858
0.2555609,1.071126
0.3555702,1.442469
-0.3932994,3.146199
-0.2536876,1.704213
-0.2419616,1.82467
0.3237152,2.331461
-0.8314866,2.89244
0.04386904,1.914631
-0.0308972,0.9950952
-0.4226268,3.437593
0.5523062,0.6208889
-0.008284126,3.222769
0.05180461,1.956565
-0.935906,2.884438
-0.5436922,3.001515
0.2284388,3.20573
0.8034975,1.060823
0.499028,0.930723
0.1516832,0.603689
-0.7174499,2.409964
0.6658937,1.632287
-0.08384973,1.308055
0.0258225,3.376385
0.04445146,1.382615
0.8030865,1.459767
-0.5470122,2.655264
-0.2468587,1.730252
0.2156006,0.471103
-0.6019004,2.226906
0.1641125,1.669827
0.3088063,0.9347464
0.1117269,0.4850374
-0.0781845,2.853421
-0.01426737,3.392709
0.04466296,2.979766
-0.2751368,2.233474
-0.1172652,1.286878
-0.4241538,2.704591
0.6942304,0.7278487
-0.6982692,3.063822
0.2062072,1.940451
-0.1643012,1.743396
-0.3785548,3.497089
-0.06571789,3.847739
-0.1277552,3.338637
-0.1122848,0.7040978
0.7174767,1.606243
0.3695593,0.7004834
-0.6623798,2.191899
-0.1082746,1.037595
-0.7617801,2.363495
0.1485829,3.175397
-0.6441879,3.03258
-0.3094868,2.790899
-0.1321467,3.561615
-0.1186199,1.928197
0.7718089,0.7853559
-0.5060324,3.295114
0.3851904,1.030359
-0.2380869,3.489182
0.1815254,2.578233
-0.8604244,2.736627
0.09356878,1.615509
0.2294687,1.732884
0.2611969,2.214421
0.4640249,0.7799389
-0.4950245,1.701231
0.2746085,1.62174
0.002259663,1.279608
-0.402125,2.985403
-0.1738669,2.144227
0.3589476,1.514938
-0.1267929,1.227788
0.2102155,0.9288425
0.5154629,1.37322
-0.06196818,0.4098727
0.2081203,2.018702
0.2960717,1.693625
-0.1729754,0.9886316
-0.03280006,1.55885
-0.009704404,0.5039719
0.02850136,3.12937
-0.1862905,2.6524
0.2115645,1.287733
0.2109498,2.167664
-0.6099475,3.134579
0.1187811,3.377827
0.06165609,3.740255
-0.1350779,1.847298
0.05467852,3.301796
-0.6312641,2.814919
-0.4499774,1.943207
-0.1272425,3.426429
-0.6628061,2.01582
0.1205394,1.720976
-0.2318966,1.28311
0.06900536,2.929408
-0.7676167,2.551923
0.002127229,3.423869
-0.1649213,1.019025
0.2948823,2.096355
-0.2539389,3.146011
0.1128632,1.786873
0.3092921,2.109143
0.5331514,0.6993426
0.06272288,1.515371
0.5518036,0.6160343
-0.1844185,2.060743
0.6120798,1.282224
-0.3379321,3.498072
0.760106,1.110975
0.4257114,2.574235
0.09553272,2.505915
-0.2487042,1.458286
0.2872367,0.623546
0.6948345,0.8277185
-0.08477797,1.073
-0.5341413,2.104302
-0.1242523,3.460084
-0.4659421,1.531824
-0.5197056,2.045928
0.7060033,1.83253
0.4918849,1.004837
-0.1931119,2.894836
0.9513783,1.049836
-0.4709273,2.806701
0.6206951,1.443983
0.2487464,1.20224
-0.2049771,3.657633
0.2879094,2.092475
0.0847636,0.3465489
0.237694,2.346419
-0.1596287,1.732749
0.3541899,2.302173
0.09954278,1.661981
-0.3761845,1.455229
0.2372787,1.998902
-0.1686442,0.7670938
-0.3195184,2.075697
-0.2226725,2.594983
-0.8195206,2.712227
-0.2392857,2.182534
-0.3690263,1.548261
0.2565662,1.523653
-0.2885089,2.579108
0.1248541,3.183105
-0.3333826,2.400483
-0.7883096,2.783011
-0.8912815,2.899484
0.423702,1.030048
0.08575499,2.470944
0.5312088,2.381308
0.2804929,2.899523
-0.5930997,2.920074
0.5286399,1.64603
-0.3226362,3.046149
0.5227002,1.161906
0.3316358,0.5387397
-0.2648686,3.422404
0.6333566,1.806734
-0.4318997,2.743849
-0.3202478,1.85979
-0.4871327,1.673544
-0.469834,2.498125
-0.05095524,3.551795
-0.268159,2.339604
0.3617108,0.526243
-0.4474064,2.534604
0.07746757,0.1285437
0.0006040446,3.348952
0.2118086,1.813456
-0.1888576,0.8960495
-0.2258675,0.9156158
-0.8144751,3.155542
0.7633481,1.353743
0.3607849,1.482364
-0.3416786,2.543426
-0.8282273,3.102625
-0.5758686,3.082762
0.472682,1.182364
0.5323119,1.13126
0.1913754,2.171896
0.194266,2.780792
0.002498397,1.46228
0.8424784,1.418386
0.7391811,0.8630481
0.2719224,2.046842
-0.1647541,2.129077
0.07405021,1.970985
-0.01104947,0.1758372
0.9054605,1.240914
0.08718051,0.6824209
0.6669977,1.352471
0.1805027,0.4790476
-0.0659805,1.942291
-0.3487987,1.283028
-0.4285956,2.707456
-0.2688373,2.749704
0.3393337,1.664614
0.265949,3.040538
0.5225254,0.5582785
0.5728206,0.6562425
-0.1396659,3.331416
0.7906821,0.9623163
0.09511413,3.029486
0.3215671,1.718703
-0.1369785,3.773765
-0.383317,2.773903
-0.1471541,2.187208
0.6821144,1.748208
0.03687317,3.149481
0.6423313,1.21112
-0.5138067,1.63937
-0.09951807,3.102411
-0.6008454,2.597443
0.4034422,2.650322
-0.7755328,2.666076
0.1423443,1.695501
0.7453492,1.516071
-0.08843248,0.4291698
-0.5214657,3.241366
0.2769372,1.106571
0.2899016,1.367247
-0.3290727,1.133893
0.2100517,1.874994
-0.7439066,3.094105
-0.457894,2.552029
-0.1659978,3.168964
-0.4313615,3.026516
0.1667441,0.9660671
0.09426948,2.777543
-0.3133597,1.693665
-0.07494368,1.674733
-0.3675937,2.616965
0.1748026,2.217676
-0.6379637,2.52748
-0.3253025,1.418129
-0.0734556,2.080804
0.316838,1.176085
0.257313,2.03477
-0.1971045,1.972783
-0.2703716,2.850577
0.1926287,1.252301
0.4588243,0.9249238
-0.5851619,3.285356
0.1527032,2.53739
-0.4272778,2.977122
-0.8660469,2.835752
-0.6760189,2.530488
-0.5150367,2.169028
-0.8365101,3.022927
-0.7129726,2.708453
0.1050482,1.841583
0.5179334,1.224243
-0.2824089,2.113112
0.2113461,1.40255
-0.108015,3.835752
-0.3474392,2.449796
0.2305838,2.81966
0.2368001,2.395444
-0.270666,1.026492
-0.815152,2.748032
-0.486623,2.125583
-0.0514946,2.862147
-0.3014386,1.499797
0.148193,2.970748
-0.1921284,0.5974897
-0.02047544,3.11998
-0.3771042,3.14611
-0.2627273,3.232158
-0.4367443,1.561899
0.7794327,1.293139
0.5861898,2.146228
0.08559506,1.393681
-0.1428902,0.482039
0.2715279,0.7323012
-0.08064368,3.206885
-0.2093463,0.6312606
0.7611699,1.447093
0.1635245,3.409644
0.1015717,2.097389
-0.2782068,3.075546
-0.5083431,3.378089
-0.1822023,1.719435
0.6778394,1.143481
-0.3219941,2.326534
0.8167925,0.937699
0.08007585,2.260044
0.6010255,1.329205
-0.2219029,0.8562602
0.5561283,1.267498
0.6273275,1.731759
-0.4592389,1.785952
0.4231913,1.970624
0.5910686,0.9693251
-0.09157766,1.446403
0.07975044,1.923196
0.08381267,0.887121
0.2249877,2.160546
-0.01258928,3.177265
-0.5689808,1.81003
0.5613308,1.858471
0.5864276,1.695808
0.5927733,1.796187
-0.2057266,3.648685
-0.9351251,2.893256
-0.07768027,2.498932
0.02277765,2.754775
-0.06391208,3.376296
0.4610723,0.6314806
0.9287597,1.050694
-0.7825585,2.867498
-0.02431969,0.4592106
0.7378855,0.7631741
-0.3089049,2.181171
0.4029711,0.8296586
0.2847409,2.694287
0.8689232,1.05006
-0.3796365,2.906044
-0.2814064,1.101616
0.0815043,3.692885
-0.7324545,2.874141
0.2742113,0.5568252
-0.01488837,2.178847
-0.1550043,3.620262
-0.4215502,3.414981
-0.2185781,2.870693
0.8093531,1.155352
0.1350941,3.065879
0.5899913,0.7813869
-0.7833866,2.482942
0.8152973,1.012478
-0.07955698,1.11937
0.2948496,2.195787
0.3558956,1.205575
0.5565583,0.7747058
-0.4820807,3.487224
-0.05434286,0.7498193
0.3740477,0.5305476
0.2017638,1.901608
0.1266662,3.101653
-0.1286039,1.230324
0.401598,2.071954
-0.09272222,1.249216
0.0540766,2.763412
-0.1000066,2.297896
0.4707667,2.298641
-0.413177,1.804975
0.3238594,2.834108
-0.9438109,2.957059
-0.4795991,2.42416
-0.06660017,2.90806
-0.08182246,0.5849547
-0.8058366,2.877033
0.4202216,0.7222231
-0.009505618,1.338835
0.1314392,1.026628
0.4648563,1.384204
0.1201995,3.094615
0.1681859,0.4614827
-0.3654896,3.488124
0.2483836,1.480662
0.1216698,0.2150127
-0.4462284,3.305711
0.4174774,2.186449
0.3041813,2.855458
-0.4198399,3.574032
0.4559693,1.707792
0.3593848,1.151342
0.5938589,1.871185
0.5128043,1.514913
0.7943732,1.463673
-0.08437916,2.9296
-0.09349745,1.59709
-0.236948,1.037802
0.02192486,1.890308
-0.6675711,3.098215
-0.5624885,3.414019
-0.07347498,0.5826892
0.4133753,2.081644
0.0809124,1.981033
-0.09940543,0.5541548
-0.007579461,0.2559801
0.1736938,1.766092
0.03968864,3.875502
0.07792969,1.385394
0.005196396,0.5491347
-0.08080849,2.943061
-0.1246377,1.786738
0.4398868,2.188195
-0.1557572,0.7929747
0.2741204,0.7196855
0.2233711,3.178389
-0.5721748,2.503921
-0.1363298,1.783161
0.7971404,1.278552
0.207732,1.949365
-0.3180113,3.324125
-0.2584328,1.119843
-0.2239951,0.9686482
-0.02577604,3.300424
0.7153556,1.686107
0.79535,1.425498
-0.2969703,1.844987
-0.07612024,1.687732
-0.4593341,3.044723
0.06643551,0.1528299
0.4589578,2.339346
0.1617081,0.7556655
0.2627913,0.531202
0.02235351,2.293256
0.6532865,1.748822
0.2024365,0.6009068
-0.06114927,1.037412
-0.5657236,2.86715
0.5400013,1.054338
0.593187,1.612526
-0.2306366,1.540679
0.281993,1.178825
-0.03229885,3.355153
-0.3608302,2.235415
-0.003509818,0.01316112
0.06476031,3.474825
-0.2808659,1.612347
-0.6246671,3.021471
-0.1894769,1.585095
0.2117367,0.9964415
-0.5840801,2.820571
0.5718745,1.531571
-0.3269051,1.721507
-0.09535677,0.505916
-0.03494527,1.330648
0.3217643,2.781333
-0.6127309,3.105434
0.1197262,0.7492565
-0.01565763,3.678618
0.1180795,2.248798
0.1796143,2.046355
-0.2498184,1.91774
0.8512852,1.005559
-0.06981667,3.224739
0.09483206,1.739674
-0.3519189,2.783114
-0.1583055,3.686572
-0.181754,2.649282
0.09527066,0.3402411
0.9224472,1.196316
0.02483274,2.563521
-0.009496252,2.413628
0.2294776,0.5397611
-0.1881716,1.775675
-0.4622822,2.213983
0.4725963,1.703457
-0.4568184,2.133365
-0.1390601,1.285409
0.008186035,3.276604
0.02257443,1.958407
0.4072201,2.416133
-0.2335235,2.487695
-0.4774953,2.255664
0.05946833,3.796648
-0.09006157,1.557808
-0.1615662,0.6365974
0.2512884,2.08449
-0.4776419,1.505398
-0.3427922,1.942061
0.1335007,2.44543
-0.1522436,1.639967
0.06880175,1.451838
0.2406077,1.429914
0.4183108,2.643588
0.2954154,0.9189222
0.1851064,0.3524616
-0.04280883,3.330984
-0.3387569,3.574261
-0.0634801,0.3032501
0.7106232,1.007608
-0.706598,2.541592
-0.03121472,3.002569
-0.5600554,2.792913
0.4452489,1.746565
0.08611929,2.739518
-0.09001068,0.3260241
-0.0429817,0.8358438
-0.02682774,0.2980324
0.4707867,2.335331
-0.408021,1.295175
0.8356118,0.9752943
-0.5024927,2.240306
0.1616956,2.550866
0.1207799,1.173926
-0.1916309,2.534966
0.1410302,2.254414
-0.4983003,1.70784
0.188458,0.7369034
0.3540452,2.057759
0.8200747,0.9535216
0.4004937,0.4613804
-0.1148888,1.919702
0.3191953,0.9569375
0.02525659,3.297384
-0.6418614,2.738612
0.6409891,1.968591
-0.2457064,3.574667
0.8143715,1.437582
-0.7971582,2.57779
-0.1204282,1.554105
0.3627291,1.518924
0.01821354,2.501177
0.600225,1.648937
0.2721543,2.472319
-0.1209297,3.586545
-0.2832851,1.30402
-0.01129618,1.248927
0.6623087,1.390836
0.6587517,1.809213
-0.1131204,1.178747
-0.2132845,2.496784
-0.4443044,2.982684
0.8057582,1.187703
0.2548026,0.3464395
0.3006817,2.618674
-0.3291831,1.454874
0.02078173,1.025485
0.105444,3.497344
-0.1924389,1.877226
0.07209796,2.936703
-0.2535897,3.000525
0.7054873,1.279602
0.06614177,0.8581875
-0.1719584,1.6688
0.1237758,2.013033
0.4195187,1.266351
-0.1704898,3.424102
0.409715,0.7741118
-0.2762539,3.505194
0.5419911,2.349714
-0.4696262,2.305381
-0.6290959,2.641638
-0.1962133,3.153083
-0.5557705,2.609801
-0.086496,1.581219
-0.4054261,3.141197
0.5061558,2.132835
-0.2930166,2.678567
0.5119061,1.282103
0.7398585,1.478038
0.4467677,2.191684
0.2836707,1.115861
0.05940541,3.540656
0.795898,0.8491763
-0.2902289,1.129104
0.05456056,3.775565
-0.7181693,2.84425
0.1788863,2.453292
0.1767619,2.908016
-0.1110498,1.669905
0.9001235,1.101668
0.3634366,1.245654
0.2604069,2.314399
0.7222544,1.546035
0.7630765,0.8788546
0.1902289,1.709052
0.01847309,1.88265
0.07384485,0.6445516
0.4174983,2.562217
0.1703047,1.047583
-0.02828857,0.3931826
-0.3960629,1.734537
-0.4529792,3.345762
-0.1760544,3.675124
-0.4375828,3.535125
-0.08016317,2.030857
0.4815542,2.46972
-0.8087917,3.022583
-0.6367355,2.321347
-0.1143124,0.8319816
-0.6320358,3.163072
0.1989627,2.60499
0.3350287,1.89922
0.6389439,1.507794
-0.02343537,3.317413
0.1579277,2.737629
0.1700989,0.5036968
-0.266357,2.626665
0.2734827,2.779407
-0.09221046,3.620988
-0.1433713,3.297041
-0.121587,2.677569
-0.2343672,1.913475
-0.1847003,2.830802
0.07628891,3.321388
-0.2126084,1.374784
-0.2125681,2.190082
-0.7967897,2.546973
-0.4042114,1.444181
0.03974835,1.712171
0.08201679,1.294339
0.3585445,0.4298134
-0.03467351,1.415891
-0.5168769,3.239367
0.004784478,0.2263597
0.217397,2.395283
-0.0964226,0.3745494
0.06263654,3.425723
0.4149027,2.554023
-0.8569066,2.824653
0.2927362,2.518387
-0.6417226,3.182005
0.8409062,0.9605062
0.1433391,0.7412378
-0.05717722,2.136793
-0.2513558,2.695813
0.07267937,0.887352
0.005377599,0.06583373
0.2358887,0.8542488
0.3167088,2.244188
-0.07850031,3.231146
0.5250364,1.928358
0.1969869,2.468623
0.3102558,1.30782
0.05362244,3.749545
-0.005643859,0.3439386
0.2947774,1.364733
0.03801577,1.052525
0.1627365,0.8797822
-0.08512887,0.536016
0.5062317,1.254238
-0.7676943,2.76985
0.3295738,2.112189
0.894401,1.231831
-0.3650374,3.49808
0.0985434,2.327281
0.2100853,0.823241
0.8816521,1.005313
0.3549807,2.769472
-0.1357921,3.686065
-0.2882865,3.150456
0.008694027,3.225828
-0.4359753,2.249624
0.2274403,1.993632
-0.007167565,3.59141
0.7506132,1.024642
0.1216947,1.319415
0.5610714,1.021691
0.3788709,2.124245
-0.2787938,1.512133
0.5617156,0.8318358
-0.6761411,2.084483
-0.06820085,0.6827229
-0.5395285,3.083237
-0.207724,3.710088
-0.104534,1.052434
0.02915183,1.541909
-0.6962902,2.267893
0.1628733,0.9123693
-0.4863194,3.480772
0.3020683,2.302676
-0.3227734,3.656877
0.1767373,2.785637
0.593359,2.101636
0.5568071,1.158174
0.3948016,2.117211
-0.02028661,0.5813906
-0.07694272,1.834168
0.5322728,2.279498
-0.1720563,2.098204
0.03076184,3.701836
0.5700771,2.089209
-0.2412488,1.450366
-0.1752541,1.834692
-0.2172161,2.144815
-0.5682478,3.286729
-0.4535995,3.488713
-0.4980451,2.534634
0.263898,1.21744
-0.08716244,0.26676
0.4255387,1.365579
0.09584579,0.2589725
-0.05500643,1.789437
-0.4968259,2.749627
-0.2822903,2.946774
0.4513452,1.79692
-0.5686315,2.942738
0.2589285,2.143847
-0.5399915,1.818914
0.5382617,1.180702
-0.6819489,2.814216
0.6862597,1.506964
0.4970025,1.407712
0.1301043,0.4481076
0.380948,0.6308022
-0.222754,1.441168
-0.1873075,1.280333
-0.302653,2.275688
0.06076724,0.4985684
0.7098468,0.8197675
-0.2521274,3.73173
-0.1972579,1.075846
0.2411987,0.5388058
0.1305551,2.842188
-0.5460728,1.764729
-0.1660339,2.024798
-0.32187,1.302474
0.5731518,0.6380306
0.1178228,0.844255
-0.1312091,2.512453
0.2097485,1.665126
-0.6209579,2.170796
0.1248633,1.318997
-0.1480194,3.238093
0.1175949,0.2475639
-0.0213192,0.5740185
0.03378949,2.021885
-0.2842987,0.8998384
0.4507782,1.032768
-0.07579597,1.463888
0.04947106,2.22777
-0.4245166,3.391261
0.0735497,0.444878
-0.2691082,2.001096
0.8232148,1.282412
-0.01951616,0.13377
-0.03201853,2.643174
0.9022688,1.210072
0.1087637,1.238813
-0.2482986,3.74641
-0.5938446,2.143278
0.5273744,0.7652849
-0.2276329,2.793662
0.3098377,1.677044
-0.1633657,3.134736
0.655297,2.031505
0.3106212,2.291233
0.03165909,2.851785
0.5563734,1.778303
0.1871719,0.5429093
0.3435955,1.265876
0.7136581,1.002266
-0.2962065,2.621736
0.7020071,1.851621
0.6832445,0.7288617
0.9335421,1.088444
0.5466374,0.6360407
0.4506396,2.120536
-0.2784531,2.553243
0.398996,0.9225924
-0.2594182,1.500995
-0.03982951,1.318927
-0.2046642,1.904618
-0.4726968,3.10808
-0.05551453,0.9639889
0.2762098,2.415587
0.9233005,1.132554
0.003749534,3.963382
0.03566121,0.2098651
0.04025239,2.99791
0.06784525,0.4603066
0.09531992,2.134223
0.7493325,1.681659
0.2495193,2.931037
-0.4637861,2.636054
0.8587172,1.105538
-0.5342575,1.971078
0.08166169,3.271201
-0.5224589,3.271261
-0.230821,3.117404
0.1203417,1.382806
-0.2040416,3.06157
0.4741417,1.376468
-0.4303981,1.78313
0.133118,1.190285
-0.1108765,3.697828
-0.4009134,1.98753
0.1793857,0.8271722
-0.7380595,3.018145
-0.3112967,1.040865
-0.5246494,2.17816
0.4181624,0.6378648
-0.7152657,2.20558
-0.07866747,3.526842
-0.2597033,1.551603
-0.2250754,2.733357
0.02386993,2.586187
0.1988986,0.7047364
0.04963745,3.140866
-0.1061699,0.5237961
-0.4758614,3.082583
0.05161422,1.338247
0.191696,0.2423148
-0.4205597,1.588704
-0.06735023,3.537123
0.505875,1.553561
0.08738647,0.2951411
-0.1467924,1.924351
-0.4915222,2.885842
0.9690525,0.9803645
-0.2175906,2.896964
-0.09142116,3.082838
-0.6347054,2.346669
0.7674147,1.140586
0.4646704,1.626475
0.5472153,2.112252
-0.5452931,2.525499
-0.03823561,3.271294
-0.01599801,2.113318
-0.7239608,3.215482
-0.356087,2.564647
-0.3678747,1.900971
-0.2842456,1.026659
-0.1626706,0.9298304
-0.3268474,3.622375
-0.5633641,2.494894
-0.19274,2.265049
-0.09327963,1.954974
0.09928343,0.9004443
0.777302,1.592846
-0.5927537,3.170725
-0.3147265,3.161424
0.4169678,1.821831
0.5878769,1.629842
-0.5212743,1.592859
0.407633,2.440592
-0.1190413,0.7060696
-0.3015335,2.763733
-0.5286841,2.760245
0.3810125,0.8462286
0.8441101,1.284903
0.6149296,0.967645
-0.2443986,1.935275
0.5218733,0.753732
0.4128643,2.265903
0.08474794,1.428886
-0.5740796,1.942799
-0.1326597,1.026773
-0.2838277,2.03886
-0.5144382,2.23721
-0.2236559,1.337463
0.0831039,2.166109
-0.3310813,3.258584
-0.2727339,2.955011
0.1668627,0.6510707
0.02385542,0.2160208
0.3751864,2.024336
-0.3189023,3.58655
-0.1259295,1.426964
-0.7886187,2.602932
-0.5515373,2.159461
-0.2151447,2.822703
0.1975448,1.029846
0.3280743,1.380685
0.7849986,1.124336
0.05676727,3.108612
-0.5466854,3.275498
0.04907435,3.737781
-0.2167575,0.8750337
0.1260798,2.755581
-0.3707609,2.826992
0.3248419,2.904244
0.6586589,1.632017
-0.4202954,1.946776
-0.3564099,1.787589
0.05520044,2.542418
0.7474939,0.8898062
0.835487,1.370351
-0.165294,3.687059
0.5924697,0.6969913
0.08793122,1.714969
0.1278879,0.16965
0.08271794,2.434744
-0.3768756,1.369887
0.2440402,2.797231
-0.3330799,3.070581
-0.3309637,2.324001
0.4547665,1.947333
-0.3152947,1.637398
0.454293,1.514378
-0.2665882,2.899529
-0.1243088,2.232137
0.4594737,2.477996
0.7071545,0.9137347
-0.4934263,3.32482
-0.360711,2.208819
0.2004995,0.7229538
0.1512506,0.6817357
-0.06274088,2.406095
0.54323,0.7853771
-0.0372555,1.657927
0.1318885,3.186654
0.8366857,1.099962
0.04119001,3.375112
-0.2722102,3.232822
0.04350434,3.346768
-0.1718763,2.608156
-0.289547,1.737552
-0.1197193,1.548276
0.4329244,0.7395784
-0.336787,2.538972
0.5025286,2.085347
0.3563869,0.7917545
-0.6945354,2.155389
0.6007326,0.945547
0.4731423,2.513227
-0.7381904,2.395079
-0.831706,2.932701
-0.05450291,1.298607
-0.3360973,2.365871
0.6098915,0.8592696
0.3606933,2.653171
0.4517318,0.7038744
-0.5216769,1.875749
-0.3719101,3.475233
-0.1034297,3.297558
0.2277184,2.726671
0.0595608,1.91437
-0.6188615,3.091512
-0.02454376,3.154241
0.7229325,1.167246
-0.8021598,2.697744
0.9087204,1.084941
0.445339,1.553299
0.5776962,0.959655
0.3725429,0.9757372
0.05198285,1.77783
0.1142619,3.126836
0.6071888,1.239277
-0.1752349,3.730691
0.4784955,2.005347
0.2307778,1.3002
-0.3321917,1.111146
-0.1288486,1.033895
-0.7745952,2.619419
-0.009549645,0.198876
0.4427099,1.90868
0.1147386,2.801266
0.1882823,1.343663
-0.3571253,3.388745
-0.02722263,1.107178
-0.1335626,0.7944967
0.4951155,1.306156
0.09112954,3.630408
0.09953388,3.030169
-0.03770129,0.6993655
0.3868939,2.066686
-0.7426431,2.288567
0.5637141,0.8211876
0.09457425,3.002208
0.1419041,1.247536
0.1590843,1.312404
-0.140829,1.242611
-0.5127435,1.810734
-0.002652609,2.919865
0.1398615,1.479233
-0.198856,3.173865
0.2149976,2.663556
0.4215331,1.716398
-0.5128846,2.270321
-0.05051207,2.429889
-0.3207174,2.760718
0.08046537,2.930643
0.001072041,0.9981423
-0.5759591,2.959305
-0.4134526,2.864093
0.4346152,1.756805
-0.1193983,3.057896
0.3085127,0.4699405
0.5930508,1.083838
0.3260661,2.538238
0.4526516,1.998713
0.06869898,3.616504
0.2947961,2.415815
-0.7338168,2.724928
-0.4558544,2.980903
-0.6269225,3.158217
-0.4392864,2.510775
-0.724801,2.260867
0.3237844,2.233846
0.3424133,2.361262
-0.4782346,2.999261
0.02494945,0.4620108
0.1172827,2.609966
0.1909098,1.66134
0.4193603,0.7097146
-0.08991032,1.364901
-0.8819979,2.831344
0.2126058,0.5922138
0.4489264,1.002619
-0.4489827,3.154588
-0.5375488,2.178741
0.6414692,1.032207
-0.1519327,0.5213315
0.6922437,1.497402
0.4511833,1.605214
0.3165861,2.010781
-0.6528679,3.015559
0.2788682,1.217148
0.4083225,1.698757
0.7529994,1.015356
0.1449178,0.2399873
0.3139614,2.620342
-0.2848015,1.757138
-0.2620421,1.221708
0.5101765,1.518563
0.4760714,1.942038
-0.3031095,2.552058
0.1288413,3.250158
0.6837179,0.9313029
-0.01407712,3.356396
0.1737936,3.243426
0.2942059,1.194975
-0.1275635,0.9934862
-0.08870342,2.373349
0.5955198,1.293411
0.1926359,0.8778042
0.08886348,2.818515
0.2179551,1.358615
0.07396621,1.57895
0.1634997,1.787311
-0.4602573,2.81781
0.1846037,0.5450984
-0.4324886,2.945094
0.5753356,1.24794
-0.2970251,2.351596
-0.02998461,0.1914337
0.5297979,2.242412
0.5178532,1.170368
0.2062045,2.75657
-0.2939371,2.700442
-0.1595551,3.745849
-0.6255819,2.86132
-0.1746223,2.295291
-0.2173688,1.460406
-0.7450719,3.184529
0.556689,1.785276
-0.2892234,2.331792
-0.5099696,2.964951
0.4077487,2.064152
-0.7165324,3.144594
0.4676637,0.5344398
0.3953113,2.088912
0.2839864,1.242565
-0.7899535,2.80008
0.4211536,1.8448
-0.2243051,2.828913
-0.22564,2.148789
0.5806114,2.18468
-0.2552902,0.8762151
-0.5873734,1.826592
0.1396834,2.860117
0.05071058,2.592379
0.01353505,3.482485
0.05002926,1.529231
0.4179237,1.916112
-0.2762472,3.139899
0.4419685,0.4911517
-0.5973037,2.045177
0.8341669,0.8421079
-0.8735166,2.912101
-0.6375344,2.839158
0.418112,2.579586
-0.2960204,2.426578
0.008797077,1.211322
-0.09429814,3.447663
-0.7089387,2.937589
-0.3706069,1.723746
0.2688608,2.598129
0.827693,1.386712
0.4152654,1.379612
-0.8187808,2.829039
-0.3251732,2.649594
0.4863718,1.710342
0.07285413,3.28814
-0.432666,3.559696
-0.2855235,1.573572
0.5305609,0.960696
-0.6480442,2.30418
0.4441705,2.536074
-0.1687704,1.901862
0.4529628,2.110512
0.3271076,1.103669
0.009748301,3.886196
0.09138762,1.757602
-0.1419606,0.450735
-0.8780591,2.805313
0.3421864,2.894499
-0.01045682,2.831063
0.5422845,2.317484
0.1418883,1.250431
0.2186537,2.059458
0.142248,0.8845665
-0.3829468,2.550004
0.263595,2.506147
-0.2172561,0.7729707
0.4631804,2.038429
-0.4503868,2.687144
0.8107931,1.069084
-0.8020368,2.863071
-0.2500075,3.676746
-0.1716794,0.8967315
0.892089,1.061332
0.1100382,0.4438652
0.6128962,1.189005
-0.06814659,2.798194
-0.2640794,2.938554
0.6626932,0.7432603
-0.04479264,3.21596
-0.1010817,3.865555
-0.5260438,1.667707
-0.2587297,2.928186
0.5594613,1.609767
-0.3466556,1.357728
0.1331045,3.474971
-0.3667019,3.330168
0.8262108,1.464989
-0.02250211,1.067846
0.5042455,2.250605
-0.7620256,3.197593
-0.1670157,0.7112172
0.16029,0.2506605
-0.2032704,1.227928
0.8961477,1.208803
0.3829833,1.107037
0.397187,0.763514
0.5788428,1.429536
0.5843767,2.044309
-0.1807868,3.552195
-0.08112073,1.854999
-0.7768039,3.057262
0.3905449,0.5599924
0.3010022,1.795414
0.3200212,1.0636
-0.7668625,3.065283
-0.127293,0.4020302
0.1575055,1.495361
-0.4659262,2.597224
-0.1171453,3.470192
0.01672893,3.756721
-0.3690051,2.201472
-0.06232144,3.889479
0.206378,1.84402
0.8896346,1.053862
0.2556411,2.161446
-0.1177226,2.526634
-0.6772871,2.130818
-0.3028287,3.450845
-0.2981394,2.316316
0.2083127,1.359453
0.04262956,1.733773
0.2572757,2.357723
0.5420461,2.347463
0.2800207,0.8354252
0.397495,0.7320337
0.1120312,1.386238
-0.2024103,2.912783
-0.2857186,2.243601
-0.7583862,2.625977
-0.0233858,1.462945
-0.3581573,1.19931
0.834303,1.345729
0.01415683,1.968119
0.1696927,2.410275
-0.01266063,2.778887
-0.5861018,1.85243
0.6666349,1.247506
0.01715146,2.06135
0.5646417,1.327445
-0.03613689,3.929939
0.1169546,0.7896594
-0.2759708,2.161144
-0.3479286,2.193057
0.007904188,1.858339
-0.3555091,1.773916
0.2328875,0.7848983
-0.564737,3.364431
0.8243097,0.9870279
0.212167,2.631589
-0.5063258,2.468509
0.08991738,3.401628
0.3970325,1.079605
-0.05271552,2.788884
-0.4993113,2.436251
-0.005323785,2.706712
-0.07176998,0.8719576
0.4655074,1.252278
0.1869188,1.163291
0.3831616,1.239241
-0.0364046,0.4400417
-0.02601627,2.472104
0.4566984,1.993093
-0.1161556,2.967672
0.3647357,1.290561
-0.4701088,1.515472
-0.2580823,1.232213
-0.2885241,1.42952
-0.7905147,2.624539
-0.03485475,3.457561
0.2053496,2.597754
-0.07164739,3.871978
0.3954769,1.413925
-0.3250961,2.480425
0.384148,1.846931
-0.3620261,2.989663
-0.6840931,3.019774
0.1231388,1.093354
-0.8150842,3.133267
-0.4782921,3.035835
0.1515582,3.207497
0.05971378,3.601753
0.4824462,1.344097
-0.1503448,3.309297
-0.004269996,2.24256
0.04440097,0.4358599
0.6477092,1.875784
-0.6217425,3.282896
-0.3191394,2.51398
-0.8444186,3.002539
0.5991206,1.368019
0.5609541,0.8671924
-0.8670753,2.807928
0.3909165,1.039384
0.1181954,3.511865
-0.4794791,1.737172
0.585505,1.798504
-0.3824754,1.918617
-0.6757783,3.322067
0.3811374,0.5608048
0.3121072,1.399858
-0.5608013,2.545675
0.005316728,0.4537927
0.006090275,3.781664
-0.1422583,2.956641
0.4869248,1.371693
-0.06772082,0.6659244
0.3701762,2.445508
-0.2780479,2.326873
0.1963292,1.79082
0.007769981,1.631872
0.1125029,0.7299636
0.276816,1.4511
0.5201606,1.32806
0.003773565,0.011177
-0.2557342,1.076514
0.1813333,3.117154
-0.197306,0.9120047
-0.08033715,0.3880091
-0.1117813,3.491789
-0.4773231,1.736128
-0.0008729349,3.847919
-0.7805097,3.076353
-0.261371,1.948905
0.1343742,0.9618829
-0.4314989,3.217014
-0.2327889,2.682872
0.2698692,2.633635
0.1946851,2.629613
0.03324076,3.485208
-0.711014,2.276434
-0.03941619,1.000047
-0.3988188,1.32076
-0.324825,2.75187
-0.219988,2.155741
0.3168777,1.988668
0.4987019,1.758308
-0.09540735,2.295098
-0.1647199,2.790286
-0.4915005,2.261627
-0.00476611,2.513214
0.2634411,2.550451
-0.09609923,2.892636
-0.2401162,1.200845
0.05322676,3.748167
0.1985467,1.583995
0.8074752,1.371485
0.1599635,0.952907
-0.4060418,2.462819
0.2631617,1.983903
0.4823837,1.004292
-0.2453313,3.740217
0.3379346,1.031485
0.5592283,0.7859034
0.1845609,3.412331
-0.01904536,1.899576
-0.1010994,3.110485
0.2976241,1.901531
-0.566425,2.173612
-0.5564008,1.874452
-0.2017703,2.096464
0.9132459,1.106197
0.09960475,0.7858457
0.6435822,2.042253
0.4824048,0.7653303
0.03144662,1.880922
-0.1148379,1.638924
-0.6381422,3.290489
-0.2380424,1.255019
0.3367711,2.376628
-0.5029205,2.622293
-0.06023049,2.476606
-0.5233403,2.221239
-0.6980269,3.153786
0.2260363,0.5016653
-0.593103,3.219243
0.04241658,2.39436
0.583878,1.016364
-0.5069152,2.369415
-0.4806029,1.793396
-0.1253222,1.47929
0.6945283,0.8990791
-0.5695358,3.350711
0.3106632,0.3350523
-0.7916981,2.594558
-0.3923092,3.592587
-0.3171983,1.557879
0.1749911,1.288001
-0.153611,3.233414
-0.479097,2.766954
0.5238236,1.802838
-0.1127182,3.277777
0.1350484,1.546071
-0.03684835,2.862297
0.1402063,1.706945
-0.633214,2.934209
0.372093,0.6203902
-0.5785881,2.386239
0.892174,0.9538559
0.4842959,2.210913
-0.4015003,3.384836
0.357068,2.760149
0.05402664,2.599017
-0.0275565,3.744074
0.7720416,1.274211
0.211655,3.253565
0.5391358,1.317911
-0.07529404,1.150251
0.09000467,0.3685288
-0.2627301,2.863082
-0.2485293,2.426209
0.3224268,1.261521
0.2336767,1.475267
-0.1977661,2.4813
0.618809,0.6219459
-0.1429567,1.50558
-0.2133826,1.455411
-0.2653495,1.075778
0.6234729,0.6370053
-0.3381933,3.09168
0.2624991,2.131627
-0.2337379,2.073069
0.272029,2.191522
-0.3444651,1.576941
0.2358708,0.6178654
0.5380136,2.110101
-0.5414066,2.482875
0.7746633,0.9094215
0.06831244,2.370551
-0.2536366,1.628685
0.1228589,1.644055
-0.03842118,0.7150587
-0.6573774,2.590266
0.01170044,2.765912
0.009610596,0.4689455
-0.653992,3.25407
-0.06761304,3.360205
-0.4993405,2.90701
-0.4708934,2.729355
-0.1387298,1.686417
-0.1470646,3.756672
-0.0210853,2.938103
-0.6607079,2.003132
0.109997,3.053198
-0.4065706,2.43937
0.7099347,1.830679
-0.328075,3.21404
-0.3030631,1.091233
-0.5688537,2.266487
-0.7151652,2.325266
-0.4405217,2.291922
-0.3257366,2.198352
0.1580756,1.15092
0.006033828,0.6054808
-0.08623586,1.915067
-0.07827741,1.817253
0.1440744,1.662332
0.439028,2.291978
0.1126067,1.641395
0.3678821,0.4932588
-0.3431004,1.55397
-0.7087136,2.525039
-0.1466012,3.580933
-0.2992209,2.356958
-0.2403846,3.634194
0.2187375,3.037279
0.04228751,2.229315
0.09075954,1.693612
-0.8690094,2.850483
0.2439897,1.797603
0.07212919,3.192292
-0.3321088,2.041508
0.1175439,3.473353
0.1211029,3.021016
-0.8229848,2.917231
-0.004904658,2.406935
0.3151529,2.888008
-0.2668983,2.279012
0.5430985,0.6213138
0.2244324,1.32507
-0.9019701,2.779925
-0.3335851,1.09494
-0.5893705,3.2468
-0.4964393,3.353822
0.146854,3.533915
-0.3773265,2.27374
0.2025848,0.8784083
-0.0508181,2.613525
-0.1486278,0.9347828
0.1660328,3.312417
-0.1739944,1.565197
-0.6197301,1.932358
-0.2367723,3.26296
0.4426973,2.638179
-0.365533,1.45089
0.07891155,3.126354
0.4571745,0.9548137
-0.3824382,2.590675
0.4619949,1.369842
0.30889,2.803952
-0.2111825,1.720925
0.6587525,1.855646
-0.2411175,3.416669
-0.9619271,2.894133
-0.1786851,3.815697
0.5502315,1.158643
-0.3824977,1.71776
-0.001098411,0.09714251
0.1582105,0.4399142
0.5024425,1.388853
0.2488347,0.5337757
-0.06470397,0.8698133
0.06121148,1.976336
0.6399387,0.9033815
0.3606067,1.260606
-0.2084494,3.512376
0.1736034,0.6784727
0.4732632,1.767781
0.05872068,1.464299
0.2469588,0.2754939
-0.3242389,2.667896
0.4432739,0.7860815
0.3077425,2.830619
0.8819337,1.095116
0.765252,1.531274
0.3881592,1.742595
-0.1629406,2.591704
0.3626728,2.364553
-0.1903784,3.071766
-0.4035757,1.292803
-0.3266803,2.265358
-0.1266362,3.298048
-0.04560893,1.065055
-0.2884227,3.319012
0.6190573,2.10138
0.2391281,1.240965
-0.1463618,3.778097
-0.2225452,0.76888
-0.06387753,1.898459
-0.7306235,2.780943
0.2872262,1.978372
0.8019734,1.550734
-0.4464654,2.633768
-0.4045099,2.146225
-0.798252,3.042099
0.256637,2.2552
-0.7839014,2.76535
0.3658189,0.5085519
0.5194422,2.158592
0.02751567,3.616112
0.1235612,1.42694
0.6009595,1.961752
0.3021176,1.324961
0.2602595,0.3761687
0.6268906,0.9994102
0.3458414,1.032212
0.148948,3.032564
0.07653443,0.5536794
0.1103982,1.818151
0.2944627,0.7531154
0.2689005,2.843913
-0.6586443,2.712353
0.8086974,1.389821
0.2717311,1.914835
-0.4266099,2.163271
0.01339594,0.05783924
0.05623298,3.145074
-0.1398856,1.853717
0.4041445,2.277804
-0.6731982,2.849716
-0.1826545,2.151084
0.3984873,2.331425
-0.2960821,1.660081
0.4290316,1.99271
0.5089375,1.573073
0.04017519,3.128739
-0.5499074,1.961059
0.454029,0.612624
-0.4105333,2.544169
-0.3853975,2.006038
0.5385886,1.941187
-0.1766715,1.488431
0.571774,2.12811
0.9534275,1.037387
-0.04723096,3.271017
0.1246939,2.039066
-0.321787,1.45455
0.5608903,1.569001
0.07451024,1.739514
-0.7499989,2.633949
-0.317751,2.137378
0.3762272,1.988342
0.2813483,0.3786307
0.02980489,0.3277432
-0.06271284,0.2275248
-0.116716,1.050635
-0.1734321,0.8875427
-0.4544792,2.151916
-0.001076685,3.173208
-0.3759367,2.392672
-0.6702324,2.598116
0.3775727,1.291929
-0.4621543,3.209703
-0.1631851,2.042819
0.6025586,1.932957
0.1740611,1.51191
0.0477773,3.163171
-0.8019708,3.022029
-0.2458601,1.689786
0.1073733,0.1554467
-0.1528394,2.633477
-0.660999,2.975527
-0.4639929,3.013259
0.5398239,0.7924047
0.3159682,2.917266
0.2250143,3.249025
-0.2757556,0.8658086
-0.6648298,3.197082
0.3163366,1.6222
0.6603489,1.590169
-0.2357097,2.862745
0.2232393,1.572235
-0.4504455,1.745006
-0.5949008,3.109741
0.182538,0.8239397
-0.7458276,3.064853
-0.04198045,2.54002
-0.07568308,1.630158
0.06701025,2.375273
-0.07602016,2.966043
0.09874249,2.056387
0.06741032,2.41258
-0.7887114,2.953384
0.6240591,2.0292
-0.1497149,2.422764
0.6936602,1.445592
0.4864515,1.446995
0.5921665,1.727547
0.4613713,1.989282
-0.2502402,2.109544
0.3787577,2.092275
0.3821045,1.732489
-0.5217997,2.927143
-0.2853639,3.607701
-0.5517674,2.367774
-0.425991,3.257936
-0.7701827,2.90677
-0.3155722,1.799748
0.2566545,2.049422
0.18567,0.661858
0.2043576,2.833444
-0.8466942,2.910585
-0.1776767,1.327497
0.4380608,1.353141
-0.2468823,0.751133
0.2535692,1.887937
-0.3294348,2.779609
-0.2672532,2.898474
0.6214487,1.695993
-0.1401824,3.743111
-0.6087358,2.906879
-0.7387054,2.58525
0.6487757,1.76124
-0.4032718,2.774675
0.02009557,1.237842
-0.892638,2.764936
-0.05261084,3.06276
0.3252762,2.429827
0.1826547,1.604367
0.07336793,0.5091013
0.1998691,2.33486
-0.007756477,3.303267
-0.6993992,2.419832
0.5943551,1.432355
-0.2749191,2.259844
0.2449646,2.654881
0.7775653,1.526464
-0.3533925,2.150481
-0.7227704,2.455908
-0.1705681,1.223752
-0.5904923,2.48538
-0.170077,3.291727
0.1119329,0.3721052
-0.2193492,3.532042
0.269648,2.278058
0.3892824,1.042374
0.3074126,1.062235
-0.3901334,2.489132
-0.3716917,3.406164
-0.4824311,3.153512
-0.1772931,2.527776
0.05998612,0.838736
0.4139738,0.9236205
-0.03910885,0.1653111
-0.1777577,2.560041
0.5481579,1.785809
-0.3882474,2.200989
-0.4059492,1.379644
0.2463181,0.5549048
0.5116265,1.564656
-0.2072501,3.245398
0.3952614,1.3856
0.4410281,0.8282788
-0.249723,3.560655
0.2298343,2.157003
-0.6133592,2.521825
0.01905174,1.397589
0.5647612,0.8115685
0.1573696,2.064629
0.3806663,1.41174
-0.6787534,3.145611
0.1710159,0.7367963
-0.5537014,2.572169
-0.4795009,1.792856
0.04439792,2.592528
0.4554854,2.373934
0.1705393,2.864879
-0.3889611,1.751284
-0.8410163,2.75998
0.1543401,3.463737
-0.4754512,2.531752
0.317106,2.841718
0.00857204,2.007587
-0.3047553,2.924386
0.2683773,0.8925983
-0.0625787,0.7836394
0.4180771,0.8299963
-0.5767641,3.192592
0.2995233,0.6094841
-0.1313303,3.482451
0.157126,2.038038
-0.1602873,1.445833
-0.3461305,1.685558
0.4567269,1.382166
-0.6560404,2.605225
-0.2995945,1.546878
0.3851035,1.834241
-0.4298762,2.72398
0.9249788,1.063316
0.611407,0.6814118
0.3883919,2.657134
-0.4588364,1.411764
-0.7221788,2.196237
-0.1526869,3.652969
-0.422527,1.704209
0.07850827,3.592437
0.09740194,3.435014
-0.01410373,1.111205
0.6447786,0.71286
-0.5154751,3.318666
-0.0316373,3.438862
0.2776832,0.7781572
-0.5842595,2.166339
-0.04888242,2.286374
0.6648083,1.171077
-0.21693,2.641002
0.1163864,2.11399
0.1144153,3.194322
-0.3040972,2.318097
-0.3514523,2.236349
-0.2449104,0.9045578
0.2526285,1.388651
0.6165252,1.357258
0.02472,2.805518
-0.3204919,1.901193
0.2326228,1.293876
0.3436193,2.722685
0.7239693,1.312821
-0.4900533,2.154594
-0.8412448,3.105792
-0.1850339,1.129676
0.2316418,0.7308185
0.2398271,2.318627
-0.2560401,1.307542
0.5933488,2.106396
-0.1171913,3.596077
-0.7110317,2.980237
-0.006211719,3.916762
-0.1165884,1.99143
0.5433394,2.228082
-0.07279623,0.4194828
0.01413351,3.336294
-0.384622,2.372723
0.3438161,2.226271
0.5802124,0.9886532
-0.4544285,1.445705
-0.1144359,3.030433
-0.6666007,2.324591
-0.4733983,2.864066
-0.9260089,3.015388
-0.1847657,1.92055
0.03428831,1.856084
0.01964971,1.571319
0.5234872,1.114857
0.113472,2.915666
-0.4547973,2.754428
-0.8016327,2.845774
-0.5671926,2.535
0.290599,2.381394
-0.04928464,0.2805939
0.03370457,2.512994
-0.06355834,3.758931
-0.1154833,2.534921
-0.7491186,2.368596
0.2245335,3.267953
-0.5048095,2.258805
-0.2379522,0.7281368
0.1305622,1.95789
0.1436881,1.148856
-0.01096125,1.703986
0.3956639,2.721714
0.4313048,0.7280792
0.2080371,3.009214
0.2608385,2.862692
0.3436481,2.53647
0.476248,0.7371084
0.6137887,1.77471
0.3422607,1.193364
0.04132653,3.321716
0.2621112,1.76278
-0.3305321,1.970171
0.08074649,2.152333
0.6159659,1.201405
0.5508211,1.53026
0.3006829,0.5883244
0.05626496,2.976341
-0.29371,3.478202
0.005391532,1.655548
0.4970946,2.032761
-0.02317982,1.670644
0.2753061,2.05873
-0.216435,1.145296
0.3774023,1.309544
0.3860196,2.7337
-0.2152962,3.603187
0.279687,1.251725
-0.6476789,2.522817
-0.2231512,3.088744
-0.2863306,2.793905
-0.453112,3.00611
0.03125287,1.529487
-0.5791387,3.287973
-0.2954003,1.676896
0.8310873,1.033675
-0.9456016,2.949022
0.3302521,1.400718
0.3402804,1.393891
0.05478096,3.777529
0.02655226,2.889747
-0.7595566,2.472728
-0.859351,2.583907
-0.165675,2.863428
-0.1732023,1.841303
0.1291431,1.837368
-0.1530668,2.166316
-0.04254044,2.441072
0.386632,0.8696694
-0.7460739,2.69024
0.3714265,2.855224
-0.4092611,2.760403
-0.2885303,2.348275
0.09366596,3.013176
-0.1321596,0.4600624
-0.5409382,1.937193
-0.1325837,2.869912
-0.0962317,1.566466
0.3782219,1.409129
0.3833229,1.394279
-0.6478243,2.542966
-0.1104322,1.393356
0.3561061,1.63467
0.6658132,0.9724128
-0.08296387,3.635186
0.2522142,3.01283
0.3655773,1.276033
-0.07247843,3.127001
0.07134424,1.0172
0.2757588,1.797688
-0.9325603,3.032449
-0.3156622,2.789476
0.007856671,3.244422
-0.08227337,1.839056
-0.2173684,1.690555
-0.2726778,2.131627
0.4932604,1.170967
0.6073674,1.818673
-0.1975925,2.035069
0.110922,3.179519
0.2808984,0.8546485
0.03079109,0.1080453
-0.04406222,1.245866
0.1265671,2.325651
-0.4801452,3.283874
-0.6600099,2.465363
0.7963614,1.174062
0.2984871,0.4322853
-0.3391579,3.331133
-0.4458467,2.086393
0.3083744,1.412385
-0.5607756,2.367958
-0.1643913,0.4954095
0.4116649,1.405786
0.03411111,2.209362
0.3212895,2.249932
0.06839217,0.6720885
0.2035503,0.5253148
0.6199081,0.9812714
0.06542543,0.1761533
-0.0312206,3.693117
-0.01208182,2.641968
0.1211809,0.5992134
0.1286097,3.131977
0.2021868,1.686504
0.2867035,2.153611
-0.659398,3.241443
0.04014639,1.561397
0.05335474,2.608336
-0.2020869,2.541226
-0.4460108,2.137663
0.2452786,0.6921374
0.1119189,1.667942
-0.4267302,2.662641
-0.6612227,2.819972
0.559522,1.551022
0.1213976,0.685492
0.2894199,0.4609058
0.3350047,1.017487
-0.4414597,3.35778
-0.2222595,1.812765
-0.1536764,3.610909
0.161429,2.186379
0.7119965,1.725074
0.08213553,3.411971
-0.3554717,3.24617
0.6820677,0.7249237
0.01617096,1.577448
-0.04090718,1.385506
0.3808421,2.414974
0.3780538,2.697775
0.03774386,2.113203
0.02611227,2.195874
-0.0968743,2.516876
-0.1564164,0.6416479
-0.01876628,2.937845
-0.9653836,2.945057
-0.05101558,2.064795
0.4760913,2.089176
-0.03208561,1.654508
-0.1576002,1.691509
0.1640766,1.27673
-0.6406318,2.359498
-0.4667106,1.644778
-0.4346437,3.236878
-0.1354487,2.071215
-0.9362756,3.0406
0.686527,1.737337
-0.7938467,2.886252
-0.1902994,3.151708
-0.3152149,1.603133
0.2439611,1.940683
-0.6041427,3.092102
0.1213875,1.189641
-0.3388442,3.297705
-0.5528688,2.358758
-0.4522033,2.470259
0.4799587,0.5972775
-0.6806448,2.73741
0.4627137,0.7452822
0.6020127,1.788097
-0.358492,1.982038
-0.4062291,1.520475
-0.4880589,2.543728
0.7246109,1.234996
-0.356375,2.869801
-0.02028255,3.08283
-0.5648166,3.255527
-0.787435,2.726723
-0.2551962,2.632034
0.0304521,2.905444
0.2151584,1.015376
-0.1788238,1.278641
0.04884587,3.68727
-0.02199583,0.7920539
-0.1496708,3.066143
-0.2202789,0.8081744
0.2287454,0.9946759
0.1248851,3.082009
0.2846839,2.449467
0.7334116,1.557342
-0.3112694,3.226127
0.3753804,2.860394
-0.08003054,0.4498603
0.2366578,2.682776
-0.8191149,2.749959
-0.5918486,2.736279
-0.0285868,1.542201
0.3536028,1.808306
-0.0341911,0.9920773
-0.194024,3.077793
0.008253962,2.416244
-0.3572253,1.202187
0.2203986,2.619039
-0.7859402,2.867198
0.05931902,2.788416
-0.01804062,2.761186
0.1277587,3.598681
0.5287152,1.473275
0.1197353,2.794902
-0.5597509,1.85779
-0.1155223,2.608572
0.4458124,2.562141
0.03201451,2.806843
0.01310877,0.5822411
0.2518513,0.9677105
-0.3133918,2.765737
0.1575367,0.6095013
0.0777073,2.021558
-0.09987563,1.271259
0.8348281,0.9175062
-0.6582444,2.215945
0.1578636,2.78929
-0.04293901,2.247011
0.4293346,2.222679
0.02458722,2.274389
-0.6719822,2.180959
-0.3382044,3.111943
0.1121199,0.2347657
-0.6488181,2.676548
-0.5387636,2.652032
-0.07287044,2.309907
-0.2233683,1.122047
-0.491903,2.152939
-0.0130541,3.577939
0.0205978,0.6587219
-0.5790299,1.97721
-0.05138358,0.6306851
-0.4971532,1.799795
0.270068,2.622789
0.7531428,1.552259
0.05536712,3.704069
0.2472054,2.64164
0.1372295,2.903132
0.3523105,2.243054
0.1403055,2.722053
-0.1055291,3.103963
0.3661706,1.343992
0.4466773,1.229917
0.2809014,0.3286565
0.3758556,2.567417
0.8343291,0.9420076
0.2103989,3.141702
0.4021634,2.044072
-0.3181321,1.35067
-0.7164067,3.154772
0.7157177,1.73084
-0.7795144,3.212713
-0.1617027,1.936239
-0.03333777,2.926915
0.5190175,0.5386167
0.932791,1.143038
-0.496507,1.611365
0.5515463,2.068392
-0.2263377,2.140107
-0.3062776,2.74395
0.6266551,1.37066
0.2354947,1.078712
-0.5600608,3.142191
-0.1367078,2.686962
-0.4491105,1.409357
-0.4441789,3.547764
-0.07543329,3.694099
0.7341619,1.096213
-0.07479361,3.593669
0.1428816,3.21471
0.2833505,1.016403
-0.4529416,2.648412
0.5614816,0.5953502
0.04805103,0.7408996
-0.1081986,2.676276
-0.3097407,1.596543
-0.3995878,2.996368
-0.5958902,3.039152
-0.3109966,3.407997
-0.06602381,2.770676
-0.1701761,1.998295
0.09486666,0.1387351
-0.5443002,2.34431
-0.3218591,1.6414
0.1379784,1.921499
0.5093004,1.660673
0.3328866,1.102635
0.1812462,1.425645
0.193724,0.861904
-0.09401076,1.395696
-0.858836,2.959733
0.01986854,1.732795
0.2031781,1.626083
-0.6717085,3.321885
0.1262682,0.6714519
-0.4290354,1.96862
-0.4731203,3.004023
-0.07299621,2.616817
0.8503075,0.9527402
-0.08512404,0.9324474
0.02149213,1.683291
-0.1884044,3.743305
-0.327133,1.320745
0.6086613,1.796855
-0.07191193,1.642733
-0.06496377,2.184629
-0.7859967,2.969779
0.2441207,2.298011
0.06421833,2.989371
-0.08515875,2.04844
0.3610263,1.074468
-0.008121141,2.181336
0.5239406,2.213919
-0.3669111,1.24434
-0.06407283,1.029039
-0.4798433,2.468124
0.2177573,2.813851
0.1281823,1.099054
0.07416474,2.577783
0.06070686,1.22138
0.3076218,2.753876
-0.09475044,1.022489
-0.333733,3.305145
0.3404094,1.491487
-0.4198816,2.270437
-0.3548071,1.694732
0.144246,3.493334
-0.577163,2.278361
0.443475,1.192216
0.8661675,1.029289
-0.1059623,2.158761
-0.3750328,2.296533
0.04093667,1.581389
-0.1080563,1.962346
-0.002961993,1.197323
0.7935849,1.182522
0.08420436,2.496
0.8392123,1.231906
0.6039975,2.172464
0.2726146,1.794087
0.0137466,0.1353224
0.7610271,1.358174
0.1081879,0.9002289
-0.06455751,3.01027
-0.6885119,2.106924
0.4237094,2.14558
0.7647504,1.051312
-0.3660811,3.286387
0.2532355,1.264857
-0.02885274,1.965913
-0.1587466,2.665989
-0.1290825,1.55331
-0.9296552,3.015293
0.1475066,1.728121
0.8814412,1.15931
-0.3907206,3.441498
0.02570059,0.175541
-0.7081208,2.217832
0.480068,0.521267
0.3621392,1.070156
-0.7516102,2.407071
-0.3189611,2.557273
0.06756993,0.5607288
0.02380588,3.510512
0.5496142,1.749117
0.2956791,2.085033
0.7664576,0.9765461
-0.5989469,1.969881
-0.3023533,3.602749
0.1856204,1.186642
-0.5680227,3.303858
0.5475531,0.9305719
-0.02086282,1.544047
0.3755242,0.4006708
-0.5736167,2.3727
0.1943329,2.986425
0.1547244,2.47376
-0.1917921,3.56966
0.02714009,1.565303
0.3366696,2.888219
-0.5516105,1.926794
0.6578312,1.861742
-0.8006566,2.797436
0.80758,1.160662
-0.3215228,1.252187
-0.6867198,2.625859
0.6276889,2.067728
-0.6374589,2.050641
0.4729145,1.921517
0.4074555,1.747818
-0.2290454,3.480278
0.4459867,2.150462
-0.7177334,2.405076
-0.2727716,1.052014
0.8836444,1.283213
-0.4206475,1.32693
0.05634754,0.2037615
-0.7301067,2.961051
-0.5263729,2.509598
-0.7181992,2.20799
0.2893141,3.014366
0.2380607,1.361187
0.4801092,1.47527
0.06344801,2.934916
0.4636006,1.226185
0.1027151,3.57694
0.8034103,1.041653
0.05490099,3.117457
-0.4251112,2.86187
0.4232564,0.6760749
0.1315718,0.5647539
-0.1565787,1.585948
-0.5067006,3.120533
0.4685841,1.680985
0.3324292,2.928055
0.1927447,1.50728
-0.06524723,0.6665181
-0.7397533,2.68541
-0.7968535,2.557842
-0.7668891,2.929431
0.791553,1.109648
0.3726458,1.026248
0.006285845,3.566331
0.1871066,2.331941
0.4588909,2.466343
-0.2683971,2.252638
0.0328237,2.690263
0.04385862,1.821017
-0.6067683,2.21554
-0.6971713,2.280861
-0.2867413,2.986819
-0.7674529,2.718095
-0.5011556,2.44883
0.3332377,1.715779
0.07101933,3.756661
-0.2041826,0.6941546
-0.06777233,1.736066
0.2498762,1.139419
-0.06553626,2.028427
-0.06628027,3.24955
0.08223069,2.222962
0.494661,1.435659
0.3136551,2.153386
0.2399001,3.270131
0.3785646,0.8611555
-0.1336096,2.306227
-0.2916563,2.06897
0.03903845,2.840576
-0.01213464,3.271703
0.1115831,0.8039006
-0.7854442,3.048859
-0.7812929,2.576191
0.1616352,1.72106
-0.4561186,3.00027
0.4900751,1.046524
0.152121,2.067265
0.01979361,1.211815
0.1055088,1.503267
-0.2528736,2.591292
0.1997768,1.426237
-0.04637894,0.9919097
0.4864309,2.1008
-0.3080856,1.368454
0.4060661,2.228717
0.2960641,0.9383958
0.6054232,1.7462
0.3682316,2.257329
-0.5462976,1.76672
-0.5850218,2.936274
0.0636628,2.694365
0.3182602,2.033826
-0.1331206,1.678732
-0.185876,2.34627
0.3860496,2.670603
-0.7353433,3.079649
-0.4872592,1.882264
0.4605993,0.829396
0.8842244,1.144971
-0.968805,2.930896
0.2346398,2.400721
-0.1276494,0.6340939
-0.4148175,1.932968
0.3564343,2.166351
0.2816166,1.44161
-0.8976985,3.063864
0.06062077,2.037326
-0.5712365,2.541711
0.03314526,0.4726576
0.1000675,1.891864
0.1638764,0.5351359
0.2354569,1.677928
0.2594646,2.513833
0.1695478,1.222151
-0.5087827,3.144933
0.265458,1.544723
-0.1724767,1.413668
0.02658121,3.351041
-0.1666626,2.507179
-0.4152406,2.867659
0.3192107,2.033279
0.5604854,1.864728
0.4767771,1.997419
-0.5417513,2.002596
-0.02699218,3.023394
0.02028625,0.1993537
0.1172455,3.131054
-0.5674388,2.39677
-0.7067875,3.244003
-0.5197178,2.54299
0.1252287,1.531952
-0.218822,1.999731
0.2320146,2.970401
0.4073881,1.324955
-0.5017959,1.888584
0.1984814,0.2598951
-0.08580272,3.246211
0.01116997,2.809589
0.2819796,1.970257
0.2840553,1.773732
-0.2301866,2.484985
0.4085559,2.194561
-0.008936798,1.252075
0.8731404,0.9363316
0.03702235,2.167397
-0.3078924,2.234708
-0.6583493,2.636744
0.2901755,0.438898
-0.02099969,1.630387
-0.2386649,0.9230511
-0.8124408,2.521938
0.09240482,2.791579
-0.2752826,3.348085
-0.2403422,3.0991
-0.6673886,2.226795
0.8455633,1.288859
-0.07055527,3.576642
0.02299921,1.846992
-0.7073335,2.218875
0.04161136,3.260115
0.1911186,1.89872
-0.2558089,1.24805
0.5003534,1.467599
0.7476954,1.642459
0.1038616,0.897153
-0.2038277,0.6467522
-0.5552559,2.321517
-0.03798786,1.137987
0.1795607,1.260369
-0.0757603,1.72264
0.6565304,0.8224968
0.7186065,0.7906745
0.2121149,2.398808
0.5323771,0.5830116
0.1696548,1.189632
-0.3073508,1.431998
-0.1449291,2.958869
0.5133431,1.870374
0.3044666,1.132849
-0.0416487,0.2696579
-0.005648845,2.3421
0.669553,0.7153839
0.003545202,0.02391585
0.2982862,1.796332
-0.03808485,1.675242
0.6552531,1.365512
-0.7230405,2.948569
0.3889139,0.6727548
-0.1303956,2.148957
0.393527,1.604851
0.08081217,2.61252
-0.447489,1.72684
-0.6283895,3.368959
-0.541477,3.408011
-0.3045266,2.161017
0.3709802,2.874014
0.5486303,0.8303249
0.3531084,2.824952
0.3822644,0.4063796
0.006415465,2.340512
-0.8877156,2.770519
0.9024703,1.146978
0.02947665,2.906478
-0.281498,3.24868
0.3245389,2.967437
0.7546596,0.7706547
-0.5657896,3.137837
-0.3063019,1.901371
-0.02973327,2.771413
-0.5331813,3.374623
0.008039927,0.423427
-0.1714685,3.330611
-0.3979717,3.39466
-0.865403,3.095563
-0.1209179,1.899074
0.2595445,1.611602
-0.06799038,3.724164
-0.03379616,1.986136
-0.01043245,3.025871
0.1676102,1.591373
0.1722659,1.029745
0.2119711,3.206458
0.3727782,2.157798
0.639514,1.122007
0.0424488,2.896126
0.5163854,1.272583
-0.2902875,3.114961
0.09544786,2.615677
-0.8603482,3.04517
0.3532364,1.036592
-0.1622145,1.164958
0.3528354,0.8395384
0.2124341,2.109847
0.3745487,2.017864
0.2545167,0.7083782
0.1370886,0.2364626
-0.2237476,0.9595419
0.18438,1.293224
0.7000758,1.146654
-0.5309476,2.020623
0.503664,1.434575
-0.1567646,2.397292
0.7793779,1.355578
-0.7024596,3.121445
0.5802526,1.598768
0.2613914,3.156404
0.2609023,0.6526809
-0.6470888,2.800287
-0.3373693,2.549874
0.4833333,1.285064
-0.01574813,0.06498433
-0.7541216,2.738858
0.1287398,1.836417
0.06560335,2.264291
0.4566129,2.26165
0.8008092,1.302474
-0.7407836,3.225653
0.1595647,2.674579
-0.3484226,1.47028
-0.1976811,0.7029653
0.07624825,1.959267
-0.05055369,0.9583982
0.5615708,2.146738
0.3059764,2.772523
-0.1958802,3.067372
-0.4419953,1.547653
0.4452477,1.976578
0.4696001,1.224967
0.3261831,2.668983
-0.2576197,2.04859
-0.7207369,2.393406
-0.1187612,1.220063
0.03734838,1.939466
0.1855455,2.15028
0.05967382,0.8802351
0.5737331,0.7349815
-0.7725904,2.431912
-0.3678161,3.315011
0.08665271,1.178154
0.3621791,2.788189
0.02839009,3.415605
0.2192542,2.431424
0.3664997,0.5552615
-0.2586991,3.67476
-0.1019341,0.4272143
0.1312742,2.035875
-0.3739308,1.949112
0.1450897,2.833891
0.527613,2.110235
-0.4850395,1.981087
0.2052143,1.1124
0.05001666,2.114797
0.3556688,2.211955
-0.05659983,1.64239
0.01883657,1.193272
0.4474599,1.50617
-0.4449802,1.629438
-0.2417509,2.775353
0.5646825,1.926591
0.3935618,0.9292655
-0.08606159,0.398984
0.04871214,0.6834826
-0.5197525,1.622238
-0.3614969,3.556244
0.6946772,1.118638
0.1767728,2.063779
0.4952143,2.420487
0.7546712,0.9016684
-0.6228533,3.029493
-0.5493097,2.638267
0.03892817,1.741595
0.1182649,2.332713
0.5842168,1.073831
0.2061627,2.255336
-0.3447808,2.40815
0.4944613,0.752563
-0.4079573,3.16358
0.3688089,1.103828
-0.1802801,0.5620196
0.3445625,1.91374
0.2470417,2.419367
-0.2424931,1.718912
0.3646087,1.703737
-0.2436007,1.237171
0.5829383,1.413464
0.02630372,0.6915294
-0.4328675,2.894625
-0.1052661,3.41389
0.8188184,1.417497
0.2875366,1.701229
-0.8207801,2.584189
0.917831,1.213194
-0.1440371,1.206821
-0.08775626,2.179723
0.3171361,1.271715
0.1091421,0.7289572
-0.02639453,3.743293
-0.6944505,3.059969
0.1267983,2.891985
0.1938313,1.834205
0.571435,1.290869
-0.6273847,2.247228
0.1731294,1.264488
-0.06741334,2.41319
-0.4240495,3.28432
0.2160297,2.490062
0.3343391,2.287495
-0.1812117,1.15535
0.07072462,3.676467
-0.03581716,0.4213128
0.2019939,1.856207
-0.6672605,2.890671
0.02096751,0.08200655
-0.1377571,3.392365
0.2710542,1.087694
0.2492092,3.116424
0.3343064,0.3645939
0.5527271,2.042711
0.08886941,2.349894
0.7990156,1.185414
-0.310923,2.657546
0.7393585,0.8205736
0.3948289,2.079232
-0.07487669,0.9287412
-0.1772089,1.566287
0.2103984,2.568466
-0.249565,2.488161
-0.08832622,0.3038667
0.08352882,1.747697
-0.07416822,3.877533
0.8490856,1.187288
-0.3867529,1.29673
0.4301316,1.306266
0.1944058,1.72366
-0.1414617,3.78431
-0.2634251,1.491423
0.1972772,1.947683
-0.09433255,2.455056
-0.7059901,2.382975
0.24133,0.9563221
-0.02185472,0.3398616
-0.07013212,2.192653
-0.1486106,1.72478
-0.1738842,2.290434
-0.167793,3.212244
-0.6574501,2.590524
-0.3924445,2.851778
-0.4875048,2.236375
-0.3339063,2.55608
-0.5912398,2.540882
-0.01308907,0.8899596
-0.4445992,2.463337
0.1214086,1.154511
0.4090757,2.482047
0.2184699,1.387316
-0.4885196,3.035581
-0.6689055,2.3013
-0.2078418,2.248055
0.2977411,2.199319
0.4273452,2.516377
0.6059441,1.10352
0.3397575,0.3558519
-0.6968065,2.837717
0.4426096,1.224123
-0.7295846,2.825874
0.3325224,1.856358
-0.3798323,2.44053
-0.07442917,2.919194
-0.4512167,1.396964
-0.1486579,0.5923121
-0.3629264,1.159472
0.433588,2.363773
-0.4302291,1.813586
-0.1970909,0.9305907
-0.3589553,2.033114
0.2446563,1.284873
-0.08566166,3.865522
-0.1209926,3.545619
0.8106092,1.089446
0.5819182,1.924308
-0.2375899,2.448547
0.3073891,0.9846775
0.2480731,2.276441
0.5631566,0.7117443
-0.1383099,1.125267
-0.3262381,2.749521
-0.2727302,2.453977
-0.4880419,1.848018
0.08852058,3.695171
0.7118887,1.264012
0.67923,1.844087
-0.11745,0.9712151
-0.4468237,2.018942
0.1246788,1.762775
0.2155708,0.3343313
0.05279582,2.537112
-0.6370493,1.941071
-0.1236592,0.936635
0.6647597,1.087734
-0.7529288,3.093907
0.1436814,3.249229
-0.6244139,2.671519
-0.20261,0.662716
0.5828729,1.268017
0.585066,1.90913
-0.03140516,0.3656199
-0.6965481,3.109998
-0.07832579,2.960847
-0.680218,3.045631
-0.2377642,3.291358
0.3506554,2.23403
0.1162281,3.362174
-0.3125199,3.086661
0.1240041,2.857108
-0.340899,3.363791
-0.1107181,2.810936
-0.08671871,3.094193
0.5427944,1.082867
0.6983165,0.7849175
-0.1568946,2.76137
0.05915147,2.908561
-0.12316,1.169344
0.4170292,2.299328
0.3014722,1.251526
-0.2517665,2.866257
-0.01764919,2.824245
0.8156099,1.069123
-0.07487382,3.752074
0.38749,2.245869
-0.3726658,2.066893
-0.7469982,2.403329
-0.1563336,2.828841
-0.6607294,2.573049
-0.1026601,0.6681888
0.1271114,0.900642
-0.2980638,3.106318
-0.2748033,1.61812
0.3220339,0.6780472
-0.08727886,0.8351436
0.4135455,1.881052
-0.004425603,2.82374
0.6120214,1.866578
-0.7011819,2.780613
-0.0372368,1.608591
-0.5487864,2.153615
0.5594065,1.525007
0.4054992,2.313632
-0.6645146,3.025543
0.04998686,0.5849438
-0.8740622,2.650765
-0.2836455,3.192081
0.2597008,2.906163
0.7257628,1.022397
0.06158215,1.545709
0.3919593,2.388382
0.4797124,2.388538
-0.589951,2.491474
0.5663584,1.221571
-0.4852591,1.788871
-0.74747,2.401381
0.5704806,1.673532
-0.1263397,1.03139
0.6727756,1.019038
0.08016561,1.567454
-0.8749577,2.993759
0.2990577,1.353574
-0.2546568,2.106499
0.5654716,0.8593007
-0.04645544,0.4837903
-0.3630967,3.154747
0.01234262,1.949359
-0.0465989,3.024339
0.2391003,0.8997468
0.108807,1.174361
-0.4217419,2.728354
0.1200338,0.7103774
-0.05037948,0.7206218
0.1606032,0.5571768
-0.01769432,3.814113
0.09850466,0.6658135
0.4736442,2.381619
0.1185839,3.435839
0.2992306,1.946943
0.3854963,2.679921
-0.4999066,2.289118
0.3753591,1.613852
0.2320534,0.6129342
-0.3799361,2.135108
0.05919807,3.490874
-0.3835368,2.769247
-0.01516802,1.970135
-0.03181366,0.2791829
-0.6679931,3.176926
0.1687583,0.4814472
-0.06043619,2.19754
0.9194706,1.085544
-0.001312822,1.148609
-0.4521827,2.269573
-0.02233921,0.06992937
-0.3220111,3.474845
0.4781106,2.236343
-0.2811839,1.14488
0.4437965,1.627222
0.04843492,3.374849
0.172585,0.9912643
0.06911013,1.575163
-0.5670842,2.783084
0.3108707,0.3214715
-0.4256618,3.280976
-0.4737381,1.437187
0.21901,1.103965
0.177034,0.4517525
-0.1184299,1.939196
0.5048371,0.9530113
-0.1706412,2.093337
-0.2113787,2.88321
0.3839498,2.189555
0.6639035,0.6756327
0.01870768,2.455484
0.4172164,1.961635
0.6979472,1.745417
-0.6086139,3.219694
0.5627938,1.103208
-0.4797966,2.582644
-0.01983478,2.988508
-0.2278215,0.8873309
-0.4568581,1.959522
-0.6299924,2.882479
-0.3039878,1.354433
-0.3233002,2.064227
-0.2204934,2.799887
0.03965151,2.834832
0.009080481,3.628359
-0.2841391,1.388281
0.08025872,1.849259
0.5352877,1.184929
0.2401006,0.8835625
0.4959534,1.141865
-0.006488607,0.5178609
-0.3171226,2.496462
0.4758455,1.714037
-0.07691616,3.031136
-0.05177567,0.9765235
-0.7121137,2.385063
0.0735567,3.324784
-0.1687088,1.470487
-0.05649471,0.2381625
-0.3080176,1.118134
-0.5885209,2.706716
-0.1494387,1.457448
0.05109568,0.9378583
-0.3520701,3.077885
0.5183367,1.744897
-0.2184936,0.7781002
0.1774802,0.5484578
-0.08228352,0.3467124
0.4091841,2.505472
0.122728,0.913979
0.3725801,1.286183
0.3080014,2.748927
0.3802386,1.239496
0.380359,1.879462
0.2877237,1.361371
-0.4759425,3.006775
-0.09581722,1.554735
0.6073398,1.255124
0.08031703,2.28026
-0.08552359,3.8401
-0.1016744,1.696339
-0.6897768,3.269399
0.3097699,1.432781
0.105374,2.329243
-0.1554088,1.915249
0.6583287,1.365218
-0.2431265,1.659767
0.7539002,1.721169
0.2741462,0.636498
-0.7070846,2.277329
-0.242503,1.534293
0.4844595,0.8475409
-0.2900605,2.554386
-0.4040436,1.353957
0.7143971,1.238325
-0.5783996,2.915482
-0.1823209,3.061592
-0.268469,2.166204
0.02981929,1.125233
-0.08464721,3.535247
0.2000512,2.107999
0.4438848,2.663991
0.06752176,3.023263
-0.6097648,2.2107
0.3578917,0.4914644
-0.4498885,3.258973
0.3167994,2.920231
-0.3944337,3.262483
-0.44742,2.983014
-0.3604141,1.363285
-0.6567618,2.208035
0.1362236,3.440111
-0.4207815,2.485023
0.07186035,0.5788087
-0.2388211,2.822101
-0.5407446,1.819953
-0.00159944,0.4575135
0.5573319,1.486213
-0.06995964,3.244731
0.06988132,1.296982
0.3536286,1.395545
0.3515312,1.18623
0.07912137,3.463142
-0.05280485,1.027199
0.06578663,0.7099144
0.005549618,0.05651875
0.7429768,1.278366
-0.1538677,2.441212
-0.38502,1.775534
0.5483104,1.839422
0.1186992,3.498508
-0.1911717,3.503299
0.4255158,2.019663
0.8896718,1.276811
-0.08269032,1.709865
-0.07667618,1.791304
0.5848743,1.669839
-0.05871928,1.400501
-0.02760189,1.19355
-0.2038093,2.931246
-0.1990279,2.572632
-0.01843064,2.484332
0.7547866,1.007083
-0.08852378,3.843526
-0.01682527,1.370633
-0.3118399,3.655282
-0.3587636,3.048167
0.3271985,2.856202
0.2098125,1.356331
-0.07177384,2.379181
-0.5761475,2.331898
-0.2450464,2.469761
0.5652153,1.060398
0.1158502,3.086441
0.4117868,0.4252897
0.6949291,1.265534
-0.09474958,2.399434
-0.7881815,2.632671
0.1374438,1.7391
-0.2771832,2.399899
-0.3701728,3.485722
0.1039322,2.166511
-0.7718933,2.90455
-0.6196479,1.928804
0.08813754,2.398807
0.04492717,3.401615
-0.2137266,1.213587
-0.245012,2.826166
0.5597612,1.203366
-0.1351871,0.5240804
-0.170979,3.177995
0.4322597,0.4933338
-0.3354727,3.194178
-0.7915804,2.741898
-0.4131482,2.147213
0.4626652,0.5307832
0.1485994,0.5833896
-0.0288373,3.830505
0.1379076,3.412216
0.097278,2.966294
0.2551268,1.695403
-0.1262039,0.8221918
-0.242594,3.318142
0.1209936,2.800534
0.3070005,2.405335
-0.5940996,3.038254
0.6011498,0.9987449
0.07261734,3.007461
0.9368037,1.093011
0.1474977,2.502445
-0.2862319,1.215757
0.204074,0.598456
0.2269868,0.9358528
-0.2193206,2.354736
-0.1965744,3.183601
-0.6140161,3.001942
-0.281192,2.194576
0.04006608,3.290088
-0.09853522,3.605883
0.4187373,2.385465
0.1252622,1.392624
0.6868639,1.308337
0.1334143,2.682608
0.1632476,3.029271
0.5170866,2.389762
0.2760068,1.669162
0.1217824,2.575416
-0.06616001,0.9313239
-0.634779,2.840328
0.3293473,1.948383
0.162909,0.7154033
-0.6326887,2.201477
-0.5290838,3.312407
-0.03355362,1.89323
0.2863941,2.716065
0.3106876,1.296583
0.3553121,2.537528
-0.6609365,3.020255
0.2972901,1.795506
0.1343401,2.988704
0.03590834,3.508172
-0.2769598,0.8480858
-0.139469,1.277005
-0.3591825,1.182584
-0.1867144,1.536633
0.0105156,3.859708
0.1558103,1.49803
0.4528892,1.110363
-0.6235314,3.220798
0.6768021,0.8375817
0.3980956,2.029661
-0.6313271,2.68919
0.6308934,0.9841439
0.1849017,2.933557
-0.2016961,2.65162
0.610898,1.007926
0.07563843,2.506207
0.6186133,1.747294
0.2406485,0.6254629
-0.522804,3.376416
0.1473131,2.236295
-0.3493109,3.121095
-0.2614329,2.810176
-0.03566126,2.365832
0.4669624,1.447616
0.04680315,2.16947
0.338896,1.082538
0.6660625,0.9238529
-0.0955488,2.169233
-0.03506379,1.230669
-0.06046718,0.1914637
-0.3216939,3.210987
-0.3490182,2.139879
0.2369047,2.31547
0.1619266,3.465651
0.9721626,1.042792
0.5448845,1.324618
-0.01280413,3.904182
-0.1924395,0.6589794
-0.7808584,2.571
0.01036954,1.241297
-0.2081387,0.9438376
-0.2939481,0.9695971
0.2346747,1.252412
0.3673136,1.15054
-0.6397441,2.256874
0.07072589,0.2872405
0.02922444,1.067774
-0.3725943,2.432224
0.2894043,1.123233
0.04955865,2.700576
0.05913204,3.59702
0.5273644,1.068379
0.3333901,2.268465
0.7290949,1.345167
-0.3343534,2.733513
0.2091784,1.114261
0.8580933,0.9620258
0.08815116,1.756788
0.8154803,0.9580242
0.5031539,0.8961657
-0.07204925,3.677156
-0.494769,3.014528
-0.1030474,3.369477
0.06998261,2.276292
0.03216061,1.653496
0.3889185,0.4058083
0.1947411,1.241867
0.03215744,0.9270493
-0.4382875,1.399612
0.6050562,1.354017
-0.3389731,3.230405
-0.4061266,2.645032
0.3856679,0.5190096
-0.2285806,3.068779
0.2245794,1.640607
0.5882991,1.96441
-0.222616,1.400167
0.2912558,2.989104
-0.01325507,0.1765495
0.368826,1.774787
-0.5737586,2.209975
-0.1513961,3.426298
-0.6338373,2.263212
-0.5324769,2.857981
-0.5026472,2.199091
0.2592099,0.9463551
0.419393,1.725459
-0.4367263,3.085791
-0.5252594,3.331662
-0.4871969,1.683397
0.9204875,0.9844883
0.2888451,0.6074255
-0.200747,2.704815
0.5602111,1.872577
-0.1616017,3.322603
0.1889115,3.247152
0.8003818,1.492291
0.4252279,1.699436
0.1103045,1.429627
0.3125841,0.8231423
0.1762513,0.8472417
0.1974709,1.0606
0.3344968,1.739439
-0.5694738,2.267654
-0.3867067,3.086571
-0.2514027,2.285096
-0.2349672,1.343072
-0.2775194,2.39611
-0.3224,2.914857
-0.3048014,1.846569
-0.6740961,2.097293
-0.9240438,2.979344
-0.5023149,2.523732
-0.2606465,2.833492
0.2406953,0.4267726
0.6889261,1.242903
0.2416487,1.895244
-0.003189082,1.431864
0.178009,0.365979
-0.8002628,3.192879
-0.3220493,2.90807
0.05436481,3.093764
0.1283029,1.938698
-0.1151095,1.558109
0.3022324,2.393004
-0.1314727,3.249995
-0.5002804,2.187589
-0.06067737,1.837308
-0.2644527,1.049781
-0.2835771,1.039986
0.1169293,0.5944047
-0.289729,3.693858
0.2419682,3.004109
-0.2344626,2.448455
0.2265532,1.715005
-0.6829106,2.824097
0.007301567,0.4917422
0.5686775,0.7533225
0.2369656,2.713167
0.2880893,1.996185
-0.3857632,3.021101
0.1248974,1.669851
-0.2345808,2.956437
-0.5346153,2.670649
-0.1459009,1.702201
0.04552029,3.51405
-0.02982577,3.50381
0.2008133,2.035045
0.04575013,2.158636
0.1415329,1.999399
0.1521597,0.5573119
0.5593612,0.8580266
-0.2522231,0.7661375
0.7042909,1.45001
-0.6935298,2.92501
0.2548008,1.061594
0.2671981,1.742384
-0.1425843,3.151802
-0.3317294,1.855671
-0.1736085,3.639845
-0.01667385,1.871818
0.7061936,1.689124
-0.117399,1.358686
-0.381621,1.596784
-0.005205667,1.130227
-0.5185219,1.872685
0.6281347,0.6643171
0.2190334,0.5798207
-0.135983,2.528777
0.5579935,1.579825
0.3092363,2.63831
0.6859315,1.596145
0.1936204,1.793931
0.2820874,1.40161
0.3862665,0.7820048
-0.5973696,3.237803
-0.222654,1.781964
-0.0716459,1.674308
0.2442588,1.719673
-0.366191,1.855297
0.1957597,1.147136
0.02504954,2.471109
0.5592921,0.6166808
0.268137,2.089103
-0.3386059,1.483072
0.09090391,2.952978
-0.08257658,1.802611
0.04758615,0.8307553
0.6097448,1.777795
0.01843739,0.7748353
-0.09073884,1.588342
-0.5969076,3.264005
-0.3558973,3.331451
-0.05932821,3.725291
0.5363746,1.860581
0.3620393,1.928153
0.1168107,1.357782
-0.5560586,2.976411
0.246289,1.189807
-0.7501924,3.007239
-0.2083765,2.906027
-0.0771186,2.556152
0.2841478,0.3428651
-0.1242638,3.076571
-0.3415483,3.427301
-0.5193804,1.950054
0.4343576,2.395897
0.1660118,1.254297
-0.2520921,3.681656
0.3211938,0.3814738
0.5597704,0.8165558
0.02087529,2.97757
-0.5698682,2.682765
0.6073785,1.929311
0.03382885,2.840396
0.1434181,2.782463
-0.1253128,1.370068
0.1248768,3.278353
-0.3476531,2.382562
-0.2219256,0.7844471
0.02685523,2.126842
-0.03687639,0.1254658
-0.1037407,0.7206805
0.3999271,1.808075
0.618781,1.38334
0.3031503,2.672774
-0.2762814,1.218933
-0.009337515,2.277695
-0.1172517,1.05807
0.6552828,2.018936
0.3284065,2.734424
0.1277607,1.597597
-0.3310947,1.952414
0.1826858,2.304759
-0.6031139,2.477667
-0.6065574,2.192213
-0.08719359,0.595571
-0.5649273,1.728288
-0.2364995,1.685926
0.1506057,0.4656082
-0.1355994,3.454298
0.1972178,2.584432
0.0372435,3.600051
-0.686216,2.905011
0.1306708,1.849491
0.6633105,0.7437845
0.1088838,3.349339
-0.6204345,2.660713
0.8900051,1.315302
0.232176,0.5893081
0.7002851,1.395307
-0.1715561,2.682184
0.2131603,2.589876
0.6115438,1.257477
0.3786139,1.356049
-0.5466804,2.878813
0.676871,1.544757
-0.1331809,3.850367
0.2114641,0.2609391
-0.4550386,2.121308
0.05313986,1.630638
-0.2813414,1.792585
0.4810761,0.6964409
0.7779973,0.939938
0.02928335,2.972667
0.4698135,1.301872
0.6807105,1.663392
0.1799058,1.082724
-0.2975332,1.070579
0.5331902,1.917043
-0.0700086,1.99728
-0.3290328,2.816136
-0.5966813,2.046035
0.3865744,0.9965917
0.3933134,1.076148
0.5622036,1.280528
0.8822466,1.269363
0.5825864,1.457706
-0.3884765,1.721065
-0.2698992,3.453667
0.2426847,2.689834
0.008158564,1.643459
0.3044599,2.82206
0.3844179,2.746346
0.471977,0.6858836
0.1056631,0.125362
-0.6767331,2.861602
-0.09699563,0.5185037
-0.4118706,1.490755
0.1258141,1.517498
0.5998131,2.129399
0.1070331,0.2780074
-0.5457963,2.885204
-0.1203837,0.4942097
0.8695249,0.998851
0.03471655,0.9020183
-0.184963,1.436442
-0.5379469,3.239838
0.08726584,1.408769
-0.04501509,0.2246284
-0.6050821,2.215058
0.7071528,1.473741
-0.4281874,3.155379
-0.1862168,1.932601
0.06323862,1.59527
0.4433546,1.401434
0.2349861,0.6367659
-0.1481476,0.6273416
0.07936678,3.067652
0.8467964,1.068606
-0.2579849,2.775619
-0.1344433,3.460363
0.2660255,2.411834
-0.05056394,2.919096
0.4745305,2.051222
0.204535,1.341353
-0.4260109,3.376577
-0.3126047,3.356301
0.3039115,2.437393
-0.2928361,2.712751
0.0004626447,1.390205
-0.3660452,1.371775
-0.06121763,3.31981
-0.02570843,3.326622
0.7043389,0.773726
-0.1933126,2.323447
0.2039251,1.500707
-0.1536372,2.86713
-0.7784902,2.579138
-0.06813296,1.950249
-0.1986911,3.103582
0.2054401,3.110263
-0.1531554,3.791591
0.7096572,1.72883
0.4792945,1.692253
-0.1070181,2.354468
0.5855746,1.505702
0.2403535,0.5427732
-0.4322266,1.856032
0.6378578,1.697667
-0.4537763,2.282608
0.2901436,2.977904
-0.3350717,1.715894
-0.3393685,1.755865
-0.6448594,2.80472
0.04796243,1.472011
0.398163,0.5832976
-0.6163281,1.893221
-0.1423531,2.334177
0.4647888,1.546887
-0.3253046,1.792186
0.09769106,1.247616
0.1613807,3.410496
0.3235153,2.895667
-0.08730877,3.808645
0.1710669,1.634706
0.870964,1.253745
-0.09218442,3.760527
-0.3226316,2.448898
0.4243171,1.506082
0.1516987,0.9098329
-0.07621036,3.230115
-0.16181,2.088787
0.1702282,3.336705
0.2846585,1.087033
-0.3128752,2.780416
-0.3046464,2.066918
0.03374731,0.3368613
-0.359347,1.604996
-0.5096712,1.687095
0.5425206,1.096486
0.05342241,3.015354
-0.1351606,2.103267
0.09208776,3.600005
-0.2020214,3.174693
0.04466811,3.785858
-0.09604281,1.541282
0.006776172,2.676931
0.7491223,1.681793
0.2705169,1.368757
-0.2993413,2.785438
-0.7215158,2.239069
0.08207682,3.004682
-0.3428802,2.788258
-0.007838078,2.648971
-0.1516553,2.202318
-0.6591008,2.936524
0.7672422,1.358415
0.8774486,1.206628
-0.1295482,1.649656
-0.07817978,1.712749
0.8460925,0.9099631
0.03688905,3.336845
0.6075643,1.360766
-0.9343598,2.946382
0.197815,2.710382
-0.4082847,1.965494
0.2685533,1.769814
-0.05909689,3.824537
-0.4436167,1.813145
0.1613326,0.3723587
0.5871217,2.021009
-0.3321323,2.292917
0.2999745,2.399417
0.6554858,1.90207
0.1749299,1.985866
0.5757041,1.629698
-0.07151508,3.455791
-0.1940291,3.303101
-0.798907,2.430342
0.01524073,0.3404456
0.6779202,1.063579
-0.4709085,2.689048
0.3226166,2.555193
-0.4154477,2.506387
-0.07005056,1.74157
-0.195598,1.359588
-0.2628845,1.813526
-0.3913867,2.172794
-0.3696384,2.467751
0.3749991,0.7899238
-0.07496002,3.885852
-0.3727161,1.219979
0.1245754,1.32529
-0.02287852,0.3744386
-0.6188669,2.465914
0.1332702,1.667405
0.1301266,2.774654
-0.3898096,1.305808
-0.1219123,1.504572
0.4740791,1.311836
0.06340608,1.426669
-0.5350682,2.072619
-0.1254562,1.624228
0.550997,0.5762278
0.04304654,3.062062
-0.6451348,3.277467
0.3946168,2.355991
-0.3360193,3.250947
0.0186554,3.330889
0.05508036,1.536421
-0.1137308,3.27396
0.5051458,0.6553728
0.05321528,2.638605
-0.866448,2.932532
-0.02416072,0.10445
-0.004614893,2.111725
-0.02755616,1.940672
-0.1712408,2.834925
0.1895455,1.209893
-0.7214175,2.348163
-0.8857187,2.684255
-0.4263486,1.351413
0.02344742,3.499082
-0.3476448,2.580878
-0.146469,2.739106
-0.3294648,1.7067
0.2264469,2.523984
-0.3678984,3.604869
-0.2356505,2.826405
0.5592707,0.5663486
-0.7819124,2.372342
-0.6216647,2.82744
0.03633427,2.370865
0.4088583,2.133389
0.4795277,1.866199
0.0828364,1.483308
-0.113952,2.718258
0.05760978,3.151758
-0.1336311,0.8230847
-0.2824346,3.450444
0.004206183,1.370365
-0.02783039,2.252805
0.1753446,3.344545
-0.3208708,3.244499
-0.502781,1.652667
0.6751763,1.015504
0.9522384,1.127241
-0.1284471,3.262325
-0.1454252,3.294097
0.3813433,0.6121395
0.200116,3.105279
-0.4767379,2.537102
0.7415978,1.72732
-0.1670197,3.111357
-0.4876494,2.984271
0.134932,3.395823
-0.4063359,2.22546
-0.04683376,0.5328508
0.5344259,1.34541
0.1743153,1.623311
0.6171888,0.645962
-0.4520855,1.745628
-0.04679428,2.027887
0.3481551,2.585586
-0.3080082,1.318062
-0.4460034,2.822565
0.1024756,2.959176
-0.2203248,2.859002
0.08882186,3.113102
0.1249009,2.518989
0.04519747,0.5531013
-0.1191285,3.089303
0.026269,3.19467
-0.1167175,1.217621
-0.2271854,1.448429
0.1907902,1.133234
-0.6753809,2.996399
-0.3399306,1.719231
0.1111105,2.776481
-0.525775,1.612027
0.3795299,2.750584
-0.5536381,2.633492
-0.3642611,1.947261
-0.5245452,1.615986
-0.3068685,1.242557
0.04271026,3.671026
0.392784,2.183307
-0.5109957,2.872007
-0.0627246,2.074836
-0.4561704,2.58253
0.6988079,1.234252
0.8246821,0.9986718
0.197349,0.7849851
0.4253237,1.398317
0.08986369,2.408452
-0.006137449,2.582866
0.03258631,1.140397
-0.698363,2.826607
-0.2666861,1.653563
-0.2767734,2.246799
-0.1362138,1.712926
0.1605232,3.006686
0.2216484,1.05013
-0.2257561,1.863324
-0.6574332,2.49778
-0.3849202,1.888326
0.1416243,1.918038
0.3855701,2.355151
0.5165379,2.326694
0.5879953,1.058267
0.1059112,3.557135
-0.5024452,2.090608
-0.4138552,1.440307
0.2338592,1.507469
0.3333434,0.9865812
-0.6703149,2.350367
0.2597224,3.159361
-0.4974415,1.51305
0.07528914,2.007144
-0.02037388,1.941559
0.5032972,1.659389
0.4989695,1.228201
0.09354319,0.7737032
0.005312359,1.164145
0.3044818,1.700436
0.06335333,2.721675
0.1572875,1.813749
-0.01595886,3.828877
-0.09582658,1.960823
-0.3511308,2.647919
-0.5947006,1.907433
-0.105678,1.044801
-0.1980644,1.411522
0.03329938,1.31195
-0.4700886,3.11904
0.3098128,2.231172
-0.2576285,0.7754271
-0.2691365,2.258363
-0.1643828,2.159741
0.05651271,0.1857617
0.07445944,1.034526
0.526833,1.27432
-0.4394185,1.978051
0.3408691,1.911937
-0.02659761,1.625352
0.4257203,1.109144
0.1012082,1.222653
-0.7473706,2.457538
0.1882038,3.288015
0.4980619,0.5704005
0.02269062,3.541745
0.09323031,2.229747
0.2210504,1.55992
0.04659381,3.72745
0.1776235,0.8370398
0.2220978,2.579098
0.07625946,3.413263
-0.2674411,2.440629
0.3771667,2.16688
-0.508671,3.091295
-0.3119598,1.88438
-0.6233131,2.987386
-0.7943734,2.493672
0.492621,2.017275
-0.04046963,0.8398915
0.4206731,1.409515
0.03186161,1.754559
0.6659966,1.932984
-0.4109364,2.185096
0.1013846,0.3622815
0.2517748,1.186946
0.1343108,3.024741
-0.3493222,2.869805
0.5044262,2.155223
0.7566115,1.003034
-0.164858,3.703994
-0.07237338,0.7600934
0.3357942,0.4767728
-0.5224347,2.623736
0.103808,3.572675
-0.1135295,3.786677
-0.1867842,1.425273
-0.5803682,2.855247
-0.04449435,3.164372
0.4954506,1.414413
-0.1399481,1.93133
0.04184468,3.165993
0.5405394,1.24794
-0.3072025,1.457275
0.4627169,0.5768016
-0.5362951,2.441089
0.2184941,1.553618
0.2497308,0.7000406
-0.04565685,1.084031
-0.778625,2.536371
0.4613795,2.419564
0.7495567,1.427253
-0.4964353,2.777359
-0.1783299,2.902391
-0.09295425,2.788205
0.4277898,1.331773
-0.127116,3.62641
-0.2054635,1.112762
-0.1290152,0.5760393
-0.03308372,2.660171
0.444571,2.568309
-0.4675713,3.155263
-0.2014914,3.085876
0.8826624,1.154931
-0.1424165,1.919888
-0.1263625,3.671628
-0.09185241,3.628379
-0.271504,1.063012
-0.7202218,3.226267
-0.1216052,1.788344
0.6128407,1.784689
-0.4150429,1.768637
0.3408414,1.748823
0.2048444,1.750492
-0.2208929,3.688286
-0.3816462,2.586889
-0.6739299,2.805244
0.5286919,2.35331
-0.4834646,2.928019
0.2788769,0.2853208
0.1147503,2.714703
0.02027396,3.125633
-0.145349,2.570945
-0.6379657,2.545331
0.02736102,3.330881
-0.008497751,2.287912
-0.01321179,0.9985699
-0.01614709,2.688677
0.2385695,1.211054
0.3258923,1.223382
0.1946373,0.4193809
-0.8780972,2.949306
-0.1375593,2.711725
0.09810781,1.7727
-0.09897852,2.489863
0.2598193,0.7245829
-0.7787871,2.415371
-0.6593402,2.223436
0.02485192,3.080168
-0.0239012,0.7104184
-0.01344353,3.778543
0.2082882,3.29093
0.7813167,1.11359
-0.04763765,2.052324
-0.6611581,2.886516
0.5639647,2.063818
0.3266568,0.8208955
0.324075,0.8092254
0.4809943,1.55613
0.196223,1.519324
-0.4843264,1.927577
0.1616878,2.502436
-0.4775632,1.81794
-0.08017587,2.920217
-0.9271314,2.98118
-0.847242,2.779666
-0.2319656,3.041551
0.684518,1.426319
-0.4262995,2.884269
0.6231841,0.6329187
0.1852198,0.2740004
0.1643579,3.058012
0.2571109,0.4996918
0.259855,0.4380089
-0.3751053,3.410424
0.3072065,2.587423
0.3953873,1.479954
-0.1389192,3.16654
0.3197909,2.367367
0.1723705,3.118022
0.5760531,1.415484
0.7456355,0.799119
-0.09283644,2.625255
0.3917002,2.5715
-0.7476597,3.128106
-0.1048282,1.531443
0.4920391,1.229865
-0.6106321,2.009941
-0.3903775,2.470414
-0.5479143,3.01262
0.8485934,1.325424
0.3444941,0.9100015
-0.1240661,0.9933182
-0.118143,1.969405
0.5629746,1.843505
0.2626955,0.502207
0.09234381,0.3574806
0.2191481,3.307853
0.2063565,0.7783371
0.3360652,2.533161
0.1200696,2.283629
-0.6654871,2.566932
-0.1996954,3.552756
0.271433,0.707641
0.2715602,1.638918
0.8212073,1.245531
-0.2157821,1.241037
0.5425483,1.067226
-0.4825849,1.83253
0.390335,2.267878
0.4113101,2.681847
0.1512746,1.500272
0.004017134,3.449513
0.08996814,2.964008
0.8161694,1.122888
-0.3152442,2.924786
0.08066038,1.271895
0.1145975,0.6893169
-0.4856654,3.426383
-0.5066034,2.910216
0.2430086,2.305307
0.4511341,1.889154
0.8864001,1.047491
0.2887394,0.5038677
-0.5573111,1.826795
-0.062174,3.258053
-0.1828412,2.690623
0.1216143,0.6041926
0.8898761,0.9571826
-0.2819189,2.489222
-0.3322184,3.479103
-0.02231276,2.168785
0.04424583,1.434271
-0.4807702,2.234745
0.05471248,2.601699
0.2556703,1.689127
-0.429104,1.434649
0.06187175,0.2307299
0.4067128,0.6185354
-0.1454487,1.443641
0.6174952,0.8164204
0.5291218,2.127867
0.5974241,1.324982
0.1574625,2.224791
-0.2221698,2.547961
0.6485792,1.289081
0.00777365,0.6785464
-0.4572497,1.374571
-0.2205958,1.414875
-0.8923116,2.920286
-0.07897841,1.647693
0.5181013,0.8723755
0.676169,1.281597
-0.4316116,3.087488
-0.6064611,3.318433
-0.7999974,3.071688
-0.677994,2.336958
-0.6528803,3.241596
0.4771981,1.843169
0.2799754,2.08711
-0.806001,2.628994
-0.5996546,2.445545
-0.03024009,1.019738
0.470856,1.034261
0.4835926,2.044522
-0.2830809,2.91628
-0.6753792,2.475451
0.5987834,2.029155
-0.8396628,2.60763
0.4149974,2.023936
0.7060079,1.274049
-0.167791,2.241168
0.02646201,1.134771
-0.290019,1.63024
-0.127559,1.430103
-0.08677444,0.4517391
0.347691,1.47679
0.0958062,3.140499
0.0051148,3.979429
-0.0386175,3.7208
0.1540234,1.079726
0.4181182,2.271793
-0.1833202,2.876158
-0.6753864,2.078264
-0.04245505,1.603099
0.4167885,1.32673
0.1266337,3.510868
0.2983301,2.357678
0.3839927,2.70541
0.3111317,2.329653
-0.05727326,0.3609842
-0.6537012,3.203494
0.3509305,1.594623
-0.370239,2.49087
0.08229799,1.074009
0.2504421,3.119401
-0.3195719,1.253842
0.697485,0.739388
0.7736892,1.238249
-0.07338086,1.559463
0.4233949,1.967722
-0.4755181,1.542227
0.3246379,0.7300729
-0.1637495,0.5416541
-0.3609888,1.281843
-0.47179,2.41613
0.133134,3.392269
0.6932057,1.115551
-0.1129701,3.834392
-0.02016321,1.325033
-0.1859321,0.8300885
0.7295677,1.15893
-0.1551532,1.006206
0.5875501,2.100096
-0.3756839,1.265784
0.1222421,3.314705
-0.4047497,3.423315
-0.5044724,3.282676
-0.5845415,3.394293
-0.3837026,1.549262
-0.690451,2.367292
0.2088628,2.283537
-0.4482549,3.084402
-0.2768744,1.554048
0.9378186,0.9857117
-0.8615284,2.895275
0.003252194,2.55482
0.7942703,0.8239767
0.4374674,1.030624
0.07056392,0.5977993
-0.4255862,1.793294
0.2362573,2.184742
0.7235643,0.7462506
0.2856375,1.64252
0.01331876,0.2903866
0.131018,1.980799
-0.436804,2.173306
0.4176998,2.393537
0.3378891,0.9192516
0.2124439,2.718954
0.8299275,0.8315734
0.4765867,1.871217
-0.2327124,2.001848
0.5508987,1.104361
-0.1032331,1.916228
0.1522642,2.010903
0.1967144,1.936135
-0.2905623,2.861399
0.3492916,1.284073
0.5892947,1.689421
-0.3430736,2.195813
0.0154161,2.23723
-0.6603246,2.736913
-0.1370228,2.536969
-0.1937983,3.066162
0.01606814,3.720328
0.5397836,1.347926
-0.4118888,2.401296
-0.06321207,0.7030701
0.2359345,2.467832
0.2935388,1.434074
-0.5329552,2.684108
0.2135414,2.229864
-0.2261949,1.94416
0.1516982,1.068244
-0.2115761,3.352869
0.001953372,2.034178
-0.3750656,2.904236
0.6843658,1.50647
0.09450545,0.3805047
0.3293555,1.315621
0.1180524,0.4905014
-0.3923622,1.308626
0.09348016,1.712565
0.1441806,0.5928185
-0.2912799,1.51855
-0.3999897,2.8689
-0.7096023,2.478242
-0.4437539,2.694594
0.960526,1.042829
-0.1315613,1.848929
0.3595643,1.660075
-0.509623,2.240357
-0.02853526,0.5450443
0.03280005,0.4825451
0.4887382,1.22286
0.3420384,0.7066225
-0.4134442,2.475227
-0.1779766,1.251214
-0.02325873,1.04572
0.5197363,0.8421157
-0.01228583,1.687827
0.7520646,1.654623
-0.3859551,3.271452
0.1870419,0.3754009
0.8708239,0.9263122
0.2503161,1.663627
-0.059741,1.661192
-0.4533782,2.843474
-0.6600517,3.029693
0.1963629,2.757476
-0.1914884,2.718499
0.5442787,1.97168
0.1401879,3.147014
-0.2904891,3.53887
0.8022265,1.457942
-0.4654002,2.18204
0.3610021,0.9294975
0.5605412,2.110406
0.252905,0.4799296
-0.06750285,1.336984
0.4550778,0.8721538
-0.5707445,2.15433
0.2934239,0.4954773
0.4088806,1.347452
0.7445809,1.690101
0.3935216,1.006588
-0.6168582,3.191163
0.2590116,2.531339
0.3339343,1.71615
0.5861962,1.031441
-0.6214193,3.267255
-0.6474855,2.604613
0.3551548,1.29232
0.4437962,1.799546
-0.1497103,0.9938983
0.1368677,0.2930621
-0.247545,3.270419
-0.5499645,2.250805
-0.4019882,2.163299
0.3235233,1.07843
0.1774425,1.953552
0.2851619,0.8655152
0.2920347,2.218547
-0.09407631,1.084195
-0.02033795,2.901467
-0.124811,2.443008
-0.6917394,2.442055
0.139691,0.2252557
0.6187624,1.03269
-0.3143519,3.435301
0.3220492,1.801601
0.4684801,1.555914
-0.4771375,3.165221
-0.1833898,1.0265
0.3291736,1.40413
-0.870776,3.125867
-0.3388803,1.820414
0.02591206,1.355889
0.06104606,3.795734
-0.3842079,2.449407
0.1934097,0.3977794
-0.2998034,2.036094
0.118646,3.482308
0.1982651,0.4841882
0.6047198,1.78482
-0.1099946,2.984154
-0.04839252,2.811137
0.3848405,2.775634
0.4665302,1.931005
0.318091,2.465057
-0.8689057,3.105089
-0.2233409,3.687963
0.105281,1.198705
-0.7037221,2.372431
-0.4966106,1.519909
0.4691954,0.8557026
0.1531606,0.2364765
0.1583271,2.822743
-0.335741,2.417907
0.4442472,0.5797487
-0.07795938,2.360819
0.1273853,1.205974
-0.01211522,1.470316
-0.4301219,1.390056
0.3976002,1.811669
-0.3912422,3.580448
0.3803252,2.231465
-0.07693959,0.4106565
0.5608622,1.325542
0.5118567,1.654173
-0.2622663,0.7908736
-0.6770017,2.643258
0.01503387,0.6487686
0.4477298,0.8471135
-0.3280173,3.040973
0.6489958,1.512823
0.7524416,1.203941
0.2564902,2.976454
-0.1457248,0.54231
-0.6916385,2.466301
-0.0753178,3.905976
0.5045349,0.7986387
0.3248338,1.118637
-0.1080519,3.611788
0.4385466,1.296811
-0.4167394,2.230753
-0.124387,1.30338
-0.3100467,1.49727
-0.5503839,2.691343
-0.1216691,2.482526
0.8844946,1.245071
-0.1920137,3.529809
-0.3116286,2.885708
-0.227462,1.858511
-0.2289923,0.7854381
-0.6007427,2.018954
0.04296702,0.1846839
-0.5054171,3.271334
-0.7152002,2.734221
-0.1641758,3.089079
-0.10851,2.29359
0.2313239,2.127227
0.3709349,1.079095
-0.5987458,2.222755
-0.02102165,3.927965
-0.1774159,1.43745
-0.4639954,1.605073
-0.5513688,1.688239
0.6966273,1.150187
0.1074285,0.4688255
-0.2099695,1.811339
0.4389341,2.166429
0.234499,2.752214
-0.09826171,3.505205
0.425609,2.339679
0.1091632,2.979572
0.3130759,3.034626
0.02025168,1.339592
-0.1175684,2.020593
0.08144333,0.527343
-0.2537558,2.575897
0.4130724,2.125914
0.5423123,2.132916
0.4834015,0.8402122
0.1406233,2.615105
0.05687016,3.118916
0.4481179,1.89893
-0.4136389,1.897284
0.05481503,3.513958
-0.2782479,2.383345
0.2748189,0.7520743
0.5121043,2.282865
-0.7324833,2.221111
0.5971466,1.558746
0.8652001,1.219432
-0.2588027,1.869254
0.03392981,1.838353
-0.02895762,3.35457
-0.3607338,3.530871
0.04599968,2.897833
0.462444,0.5564586
-0.03089494,1.269369
0.5041376,2.384609
-0.03018312,0.3524745
0.4661822,1.024836
-0.2200146,3.245499
0.2210661,2.673454
0.07615888,3.475054
-0.59183,3.402227
-0.08029304,0.9999962
0.1545804,0.7851459
0.20694,1.806647
-0.9321649,2.825947
-0.02660451,3.530025
-0.5671594,2.935808
0.2324573,2.887868
0.4062086,0.430149
0.1070421,1.861317
-0.2761592,1.977824
-0.554452,3.309476
-0.4535595,2.065841
0.6354373,1.783539
-0.08130337,1.491019
-0.0559834,3.129327
0.6112843,1.048563
-0.4538569,1.823132
-0.5466104,2.047246
-0.0145493,2.757146
-0.4671001,3.123966
-0.4156103,2.49446
0.09581036,1.074007
0.08072146,1.224637
0.04539918,0.1040015
-0.5144933,2.673524
0.5190065,2.048982
-0.6817042,3.185192
0.605421,2.13894
0.216091,1.776243
-0.08630735,3.505528
0.1988983,0.3386982
0.3351934,1.379255
0.1902553,0.9906963
0.5041674,1.640987
0.6281213,0.732741
0.05155208,2.71448
0.4550987,1.079315
0.088781,1.613716
0.3412005,1.269508
0.08328698,3.266926
0.1737347,1.129421
0.4472275,2.31589
0.698735,1.851961
-0.798417,3.144301
0.04643598,2.86437
-0.2976083,0.9450422
-0.07876335,1.752932
-0.6421118,2.469232
0.3206094,3.004984
-0.1102293,0.4754767
-0.3702039,3.156669
0.04425877,1.268595
-0.440474,3.328284
0.5256875,0.6357166
0.03444978,2.095651
0.3428183,0.8514507
-0.01273143,0.08418382
0.004584779,0.8237368
-0.4198749,2.152201
-0.3748926,2.030543
0.06966293,3.077316
-0.2206855,2.393249
0.4942126,0.7298597
0.6160042,1.3826
-0.699865,2.880713
-0.1555805,2.627576
-0.3449569,1.650197
-0.07387058,3.197406
0.2474834,1.339557
-0.6387497,2.170408
0.6228719,0.8440972
-0.08689457,2.35899
0.658374,1.819637
-0.4083678,1.695852
-0.2724289,1.139362
0.4628771,1.706079
0.09672057,1.74244
-0.1894596,3.515834
0.3981438,0.9953499
0.4098204,0.9265001
-0.2538172,3.672223
-0.2399496,1.984955
0.2860758,2.30044
-0.625639,3.03927
-0.6432765,2.073173
-0.1164748,1.036604
-0.2338761,1.308511
0.1690229,1.579678
0.1283041,1.880193
0.1234905,1.126919
0.5099805,1.679663
-0.0009083415,1.654374
-0.06953218,2.861186
-0.7884841,2.53439
-0.371776,1.717329
0.1105574,3.483635
-0.4455716,2.252775
0.1336592,1.210635
-0.2189426,2.548498
-0.2364747,1.363796
0.4296208,2.500113
-0.3845411,1.580147
-0.6395213,2.711369
-0.1288764,3.651733
0.2194442,1.588074
0.4111438,2.044834
-0.6539353,2.779715
0.06609219,0.6986674
-0.7051457,2.579046
-0.06201959,2.057232
-0.4579976,2.485126
0.7784844,1.437344
0.3207056,1.662393
0.5306669,0.6072299
-0.1638434,3.363145
-0.5738167,2.919319
-0.5258688,3.23057
-0.4562007,1.979805
-0.2017708,2.696683
0.6641567,1.460664
-0.4315858,2.272433
0.2155782,3.166606
0.05331645,1.076089
0.1322877,2.756418
-0.3006139,2.042538
-0.0380588,0.2433646
-0.1279026,1.62977
0.366045,0.8056442
0.1887684,1.690826
-0.1735191,3.270179
-0.3951812,1.708511
0.2706561,2.605417
-0.1897038,3.546426
-0.08577383,1.011767
0.009158431,2.695618
0.2338513,1.053747
-0.0259508,3.845509
0.7500196,1.178697
0.2546098,0.5195684
-0.2700154,1.977194
0.5932085,0.733771
0.1293259,0.3498258
0.4806894,2.2547
-0.3986549,1.638194
0.634103,1.719843
0.3804845,2.772546
-0.2608361,2.108719
-0.1401225,1.622991
0.4305795,2.691361
0.5444207,0.6873371
0.4573004,0.9083587
0.5027362,1.082028
-0.1111868,3.57478
0.08100465,1.052967
0.2127647,3.247041
0.6352957,0.9637682
0.02785011,2.678218
0.1397829,0.8459577
-0.1735172,1.477437
0.5820218,1.982748
0.158341,0.5887712
-0.3091648,2.363008
0.6910364,1.53914
-0.03209115,0.4878982
-0.4218563,2.827572
-0.01817981,2.844649
0.0865024,2.716211
-0.4306781,2.296884
-0.01776297,1.545877
-0.3378306,2.47667
-0.739844,3.246504
0.5487617,1.959214
-1.68893e-05,3.205508
0.5826975,1.73085
-0.0846801,3.905017
0.09026406,2.922822
0.2303726,1.620668
-0.1118869,3.412863
-0.1156642,3.34178
-0.2331786,3.668661
-0.4811393,1.928378
0.8373119,0.975647
-0.2220194,1.483588
0.4726359,0.8257882
0.0617704,1.550822
-0.7273187,2.45145
-0.3289912,2.255141
0.1317093,0.5818138
0.3623172,1.663869
-0.007356818,0.7969249
0.4078909,1.790141
-0.513221,2.375369
-0.2906894,1.047725
-0.04619931,3.761799
-0.4671793,2.364612
0.2071628,1.954112
0.7182016,1.65027
0.2797917,0.3442887
0.8068636,1.11151
0.5496289,0.9708712
-0.4334707,3.283969
-0.6833583,3.006685
-0.4187759,2.467987
0.4114009,1.580481
0.3040264,0.6155749
-0.1527975,3.509013
0.4635535,1.254804
0.4757873,0.7608286
0.3798773,1.227646
0.5940199,1.886816
0.3311949,2.583508
0.5801505,1.517785
-0.3864126,1.267754
0.05552437,1.930144
0.08989728,1.0767
-0.1001128,3.678212
-0.5719904,2.080628
-0.1042913,0.3300615
-0.5433798,3.402574
-0.4389553,1.517802
0.1075624,0.1633927
0.5381269,2.274725
-0.5419141,3.221167
-0.1010609,3.108718
0.1986287,2.889203
0.02811092,2.527971
0.1350137,2.941245
-0.1426543,1.276436
-0.302889,2.146242
0.6164581,1.569637
-0.6201386,3.044334
-0.4357594,3.255262
-0.236335,2.77693
-0.3910395,2.226214
-0.7394472,2.871491
0.4162926,1.748166
0.06333032,0.6746738
0.3052566,1.834357
0.04550514,0.5493685
-0.2859964,1.866701
0.06578685,2.042673
-0.355213,1.202886
0.5160209,1.545239
-0.6728338,2.700218
-0.4579602,1.514222
0.3761045,1.244502
-0.2166142,2.814462
0.1391943,0.7854733
-0.1186883,0.8683986
0.9223108,0.9360236
0.3649958,0.8064755
0.503134,1.740737
-0.05346616,2.671819
-0.1438204,2.720262
0.3288444,2.230704
0.09375125,2.525821
-0.2183356,0.8886478
0.9288853,0.9513521
0.1256508,1.550446
-0.8459104,2.862981
-0.3141038,1.338767
-0.9240136,2.862173
0.09594162,1.327219
0.020306,0.2626196
-0.01892623,3.152084
-0.1488317,1.815433
0.47899,0.5393402
0.346843,2.457108
0.517455,2.097545
-0.5600446,2.062737
0.3379433,2.525024
-0.0006831924,1.996895
0.5281449,2.171997
-0.05087549,2.785582
0.2244667,1.986137
0.1989852,2.708774
0.5453557,1.417551
-0.2804494,2.592554
0.3483598,0.5347437
-0.6924409,2.928414
0.09111226,0.7599531
-0.3512011,2.721986
0.118665,3.603671
0.3318301,1.844581
-0.1545823,3.140477
0.08270721,0.6326511
0.6549672,1.144698
0.3541118,0.8676106
0.7310099,1.525353
-0.3059351,1.878766
-0.1403222,2.186764
-0.4513278,3.1347
0.3150124,1.94933
0.00620361,0.953047
0.03926126,0.7688522
0.39492,1.671987
0.3355711,1.674364
0.07004297,1.650711
-0.5149498,3.454271
-0.2637454,3.620002
0.6051695,0.6421417
-0.2439995,1.308299
-0.6384195,2.396534
0.4046692,1.082724
0.565874,0.886538
0.07869873,0.5213118
-0.6397907,2.330139
-0.05660944,1.59695
-0.6111736,2.562533
0.2783047,1.831125
-0.5036191,2.300812
-0.7026866,2.489185
0.2970108,1.61986
-0.710605,2.268581
0.874652,0.9384463
0.5255938,0.8093786
0.02067721,3.473571
0.3501188,1.354505
0.1012459,2.786373
0.3642316,2.200125
-0.904743,2.771771
0.3545192,0.4558829
0.266969,1.450587
0.2037156,1.230556
0.8388843,0.908685
-0.4812526,1.744686
0.3876028,1.173318
0.02245222,0.4584048
0.7406072,1.67338
-0.4089939,2.126859
-0.6668933,2.358015
0.594238,0.6539767
0.7631802,0.9503867
-0.02746191,0.8570814
-0.09572364,1.901384
-0.1744983,3.045198
-0.3804257,2.634245
-0.4709647,2.655004
